                          CONFORMAL (R)
                   Version 26.10-s200 (09-Jul-2026) (64 bit executable)
   Copyright (c) Cadence Design Systems, Inc., 1997-2026. All Rights Reserved


This program is proprietary and confidential information belonging to
Cadence Design Systems, Inc., and may be used and disclosed only as authorized
in a license agreement controlling such use and disclosure.

CPU time     : 0.14    seconds
Elapse time  : 0       seconds
Memory usage : 135.89  M bytes
// Command: read library ../lib/slow_vdd1v0_basicCells.lib -liberty -both
// Parsing file ../lib/slow_vdd1v0_basicCells.lib ...
// Warning: (RTL9.17) Cell doesn't have any output pins or all output pins are undriven (blackboxed) (occurrence:1)
// Note: (RTL9.26) Liberty pin with internal_node use default input_map (occurrence:16)
// Note: Read Liberty library successfully
CPU time     : 0.26    seconds
Elapse time  : 0       seconds
Memory usage : 157.61  M bytes
// Command: read library ../lib/ram_256x16A_fast_syn.lib -liberty -both -append
// Parsing file ../lib/ram_256x16A_fast_syn.lib ...
// Warning: (RTL9.17) Cell doesn't have any output pins or all output pins are undriven (blackboxed) (occurrence:2)
// Note: (RTL9.26) Liberty pin with internal_node use default input_map (occurrence:16)
// Note: Read Liberty library successfully
// Command: read design ../rtl/*.sv -sv -golden
// Parsing file ../rtl/alu.sv ...
// Parsing file ../rtl/alu_control.sv ...
// Parsing file ../rtl/axi_adapter.sv ...
// Parsing file ../rtl/axi_interconnect.sv ...
// Parsing file ../rtl/data_mem.sv ...
// Parsing file ../rtl/decoder.sv ...
// Parsing file ../rtl/imm_gen.sv ...
// Parsing file ../rtl/instr_mem.sv ...
// Parsing file ../rtl/pc_control.sv ...
// Parsing file ../rtl/pc_reg.sv ...
// Parsing file ../rtl/pwm_peripheral.sv ...
// Parsing file ../rtl/reg_file.sv ...
// Parsing file ../rtl/timer_peripheral.sv ...
// Parsing file ../rtl/updated_top_module2.sv ...
// Golden root module is set to 'updated_top_module2'
// Warning: (RTL1.5b) Potential loss of RHS msb or carry-out bit (occurrence:7)
// Warning: (RTL2.13) Undriven pin is detected (occurrence:82)
// Note: (RTL5.5a) Default case item with non-X assignment(s) (occurrence:23)
// Note: (RTL5.7) Default case item with inconsistent assignment(s). (occurrence:7)
// Warning: (RTL6.4a) Enum value might need constraint (occurrence:2)
// Warning: (RTL14) Signal has input but it has no output (occurrence:33)
// Warning: (HRC3.5a) Open input/inout port connection is detected (occurrence:1)
// Note: (HRC3.5b) Open output port connection is detected (occurrence:1)
// Warning: (HRC3.10a) An input port is declared, but it is not completely used in the module (occurrence:60)
// Warning: Total black box modules referenced in Golden = 1
// Warning: There are 82 undriven pins in Golden
// Note: Read VERILOG design successfully
// Command: set root module updated_top_module2 -golden
// Warning: Golden root module is already at 'updated_top_module2'
// Command: add black box ram_256x16A
// Warning: 'ram_256x16A' in Golden is already specified as a black box
// Command: read design ../synthesis/outputs/updated_top_module2_netlist.v -verilog -revised
// Parsing file ../synthesis/outputs/updated_top_module2_netlist.v ...
// Revised root module is set to 'updated_top_module2'
// Warning: (RTL2.5) Net is referenced without an assignment. Design verification will be based on set_undriven_signal setting (occurrence:508)
// Warning: (RTL2.13) Undriven pin is detected (occurrence:721)
// Warning: (RTL14) Signal has input but it has no output (occurrence:753)
// Warning: (HRC3.10a) An input port is declared, but it is not completely used in the module (occurrence:541)
// Warning: Total black box modules referenced in Revised = 1
// Warning: There are 721 undriven nets in Revised
// Warning: There are 721 undriven pins in Revised
// Note: Read VERILOG design successfully
// Command: set root module updated_top_module2 -revised
// Warning: Revised root module is already at 'updated_top_module2'
// Command: set undriven signal 0 -golden
// Command: set undriven signal 0 -revised
// Command: set system mode lec
// Processing Golden ...
// Modeling Golden ...
// (F13) Converted 864 DFF(s) to DLAT(s) due to direct feedback
// (F3) Cut 33 feedback loop(s), 33 with name
// Warning: Undriven signals are tied to ZERO
// (F65.1) Tied 82 undriven signal(s) to ZERO
// Processing Revised ...
// Modeling Revised ...
// Warning: Undriven signals are tied to ZERO
// (F65.1) Tied 1229 undriven signal(s) to ZERO
CPU time     : 0.55    seconds
Elapse time  : 1       seconds
Memory usage : 210.71  M bytes
// Warning: Golden and Revised have different numbers of key points:
// Golden  key points = 1492
// Revised key points = 293
// Mapping key points ...
// Warning: Golden has 194 unmapped key points
================================================================================
Mapped points: SYSTEM class
--------------------------------------------------------------------------------
Mapped points     PI     PO     DFF       Total   
--------------------------------------------------------------------------------
Golden            2      2      287       291     
--------------------------------------------------------------------------------
Revised           2      2      287       291     
================================================================================
Unmapped points:
================================================================================
Golden:
--------------------------------------------------------------------------------
Unmapped points   DFF    DLAT   BBOX   CUT       Total   
--------------------------------------------------------------------------------
Unreachable       237    736    2      32        1007    
Not-mapped        65     128    0      1         194     
================================================================================
Revised:
--------------------------------------------------------------------------------
Unmapped points   BBOX      Total   
--------------------------------------------------------------------------------
Unreachable       2         2       
================================================================================
// Warning: Key point mapping is incomplete
// Command: add compared point -all
// Warning: Golden has 194 unmapped key points which will not be compared
// 289 compared points added to compare list
// Command: compare
================================================================================
Compared points      PO     DFF       Total   
--------------------------------------------------------------------------------
Equivalent           2      65        67      
--------------------------------------------------------------------------------
Non-equivalent       0      222       222     
================================================================================
CPU time     : 1.16    seconds
Elapse time  : 1       seconds
Memory usage : 249.84  M bytes
// Command: report verification
================================================================================
                            Verification Report
--------------------------------------------------------------------------------
Category                                                                  Count
--------------------------------------------------------------------------------
1. Non-standard modeling options used:                                      1
     Floating signals tied to Z:                               no
--------------------------------------------------------------------------------
2. Incomplete verification:                                                 1
     Not-mapped DFF/DLAT is detected:                          yes
--------------------------------------------------------------------------------
3. User modification to design:                                             0
--------------------------------------------------------------------------------
4. Conformal Constraint Designer clock domain crossing checks recommended:  1
     Multiple clocks in the design:                            yes
--------------------------------------------------------------------------------
5. Design ambiguity:                                                        0
--------------------------------------------------------------------------------
6. Compare Results:                                                  FAIL:NONEQ
================================================================================
// Command: report non-equivalent
// Error: Unknown command report non-equivalent.
// Command: report unmapped points
Unmapped point (not-mapped):
  (G)   6     DFF  /u_pc_reg/pc_out_reg[31]
Unmapped point (not-mapped):
  (G)   36    DFF  /u_pc_reg/pc_out_reg[1]
Unmapped point (not-mapped):
  (G)   37    DFF  /u_pc_reg/pc_out_reg[0]
Unmapped point (not-mapped):
  (G)   38    DFF  /u_reg_file/registers_reg[1][31]
Unmapped point (not-mapped):
  (G)   40    DFF  /u_reg_file/registers_reg[1][29]
Unmapped point (not-mapped):
  (G)   41    DFF  /u_reg_file/registers_reg[1][28]
Unmapped point (not-mapped):
  (G)   42    DFF  /u_reg_file/registers_reg[1][27]
Unmapped point (not-mapped):
  (G)   43    DFF  /u_reg_file/registers_reg[1][26]
Unmapped point (not-mapped):
  (G)   44    DFF  /u_reg_file/registers_reg[1][25]
Unmapped point (not-mapped):
  (G)   45    DFF  /u_reg_file/registers_reg[1][24]
Unmapped point (not-mapped):
  (G)   46    DFF  /u_reg_file/registers_reg[1][23]
Unmapped point (not-mapped):
  (G)   47    DFF  /u_reg_file/registers_reg[1][22]
Unmapped point (not-mapped):
  (G)   48    DFF  /u_reg_file/registers_reg[1][21]
Unmapped point (not-mapped):
  (G)   49    DFF  /u_reg_file/registers_reg[1][20]
Unmapped point (not-mapped):
  (G)   50    DFF  /u_reg_file/registers_reg[1][19]
Unmapped point (not-mapped):
  (G)   51    DFF  /u_reg_file/registers_reg[1][18]
Unmapped point (not-mapped):
  (G)   52    DFF  /u_reg_file/registers_reg[1][17]
Unmapped point (not-mapped):
  (G)   53    DFF  /u_reg_file/registers_reg[1][16]
Unmapped point (not-mapped):
  (G)   54    DFF  /u_reg_file/registers_reg[1][15]
Unmapped point (not-mapped):
  (G)   55    DFF  /u_reg_file/registers_reg[1][14]
Unmapped point (not-mapped):
  (G)   56    DFF  /u_reg_file/registers_reg[1][13]
Unmapped point (not-mapped):
  (G)   57    DFF  /u_reg_file/registers_reg[1][12]
Unmapped point (not-mapped):
  (G)   58    DFF  /u_reg_file/registers_reg[1][11]
Unmapped point (not-mapped):
  (G)   59    DFF  /u_reg_file/registers_reg[1][10]
Unmapped point (not-mapped):
  (G)   68    DFF  /u_reg_file/registers_reg[1][1]
Unmapped point (not-mapped):
  (G)   76    DFF  /u_reg_file/registers_reg[2][25]
Unmapped point (not-mapped):
  (G)   78    DFF  /u_reg_file/registers_reg[2][23]
Unmapped point (not-mapped):
  (G)   79    DFF  /u_reg_file/registers_reg[2][22]
Unmapped point (not-mapped):
  (G)   88    DFF  /u_reg_file/registers_reg[2][13]
Unmapped point (not-mapped):
  (G)   90    DFF  /u_reg_file/registers_reg[2][11]
Unmapped point (not-mapped):
  (G)   91    DFF  /u_reg_file/registers_reg[2][10]
Unmapped point (not-mapped):
  (G)   100   DFF  /u_reg_file/registers_reg[2][1]
Unmapped point (not-mapped):
  (G)   110   DFF  /u_reg_file/registers_reg[3][23]
Unmapped point (not-mapped):
  (G)   112   DFF  /u_reg_file/registers_reg[3][21]
Unmapped point (not-mapped):
  (G)   121   DFF  /u_reg_file/registers_reg[3][12]
Unmapped point (not-mapped):
  (G)   123   DFF  /u_reg_file/registers_reg[3][10]
Unmapped point (not-mapped):
  (G)   132   DFF  /u_reg_file/registers_reg[3][1]
Unmapped point (not-mapped):
  (G)   134   DFF  /u_reg_file/registers_reg[4][31]
Unmapped point (not-mapped):
  (G)   135   DFF  /u_reg_file/registers_reg[4][30]
Unmapped point (not-mapped):
  (G)   136   DFF  /u_reg_file/registers_reg[4][29]
Unmapped point (not-mapped):
  (G)   137   DFF  /u_reg_file/registers_reg[4][28]
Unmapped point (not-mapped):
  (G)   138   DFF  /u_reg_file/registers_reg[4][27]
Unmapped point (not-mapped):
  (G)   139   DFF  /u_reg_file/registers_reg[4][26]
Unmapped point (not-mapped):
  (G)   140   DFF  /u_reg_file/registers_reg[4][25]
Unmapped point (not-mapped):
  (G)   141   DFF  /u_reg_file/registers_reg[4][24]
Unmapped point (not-mapped):
  (G)   142   DFF  /u_reg_file/registers_reg[4][23]
Unmapped point (not-mapped):
  (G)   143   DFF  /u_reg_file/registers_reg[4][22]
Unmapped point (not-mapped):
  (G)   144   DFF  /u_reg_file/registers_reg[4][21]
Unmapped point (not-mapped):
  (G)   145   DFF  /u_reg_file/registers_reg[4][20]
Unmapped point (not-mapped):
  (G)   146   DFF  /u_reg_file/registers_reg[4][19]
Unmapped point (not-mapped):
  (G)   147   DFF  /u_reg_file/registers_reg[4][18]
Unmapped point (not-mapped):
  (G)   148   DFF  /u_reg_file/registers_reg[4][17]
Unmapped point (not-mapped):
  (G)   149   DFF  /u_reg_file/registers_reg[4][16]
Unmapped point (not-mapped):
  (G)   150   DFF  /u_reg_file/registers_reg[4][15]
Unmapped point (not-mapped):
  (G)   151   DFF  /u_reg_file/registers_reg[4][14]
Unmapped point (not-mapped):
  (G)   152   DFF  /u_reg_file/registers_reg[4][13]
Unmapped point (not-mapped):
  (G)   153   DFF  /u_reg_file/registers_reg[4][12]
Unmapped point (not-mapped):
  (G)   154   DFF  /u_reg_file/registers_reg[4][11]
Unmapped point (not-mapped):
  (G)   155   DFF  /u_reg_file/registers_reg[4][10]
Unmapped point (not-mapped):
  (G)   164   DFF  /u_reg_file/registers_reg[4][1]
Unmapped point (unreachable: all paths to outputs are blocked):
  (G)   166   DFF  /u_reg_file/registers_reg[8][31]
Unmapped point (unreachable: all paths to outputs are blocked):
  (G)   167   DFF  /u_reg_file/registers_reg[8][30]
Unmapped point (unreachable: all paths to outputs are blocked):
  (G)   168   DFF  /u_reg_file/registers_reg[8][29]
Unmapped point (unreachable: all paths to outputs are blocked):
  (G)   169   DFF  /u_reg_file/registers_reg[8][28]
Unmapped point (unreachable: all paths to outputs are blocked):
  (G)   170   DFF  /u_reg_file/registers_reg[8][27]
Unmapped point (unreachable: all paths to outputs are blocked):
  (G)   171   DFF  /u_reg_file/registers_reg[8][26]
Unmapped point (unreachable: all paths to outputs are blocked):
  (G)   172   DFF  /u_reg_file/registers_reg[8][25]
Unmapped point (unreachable: all paths to outputs are blocked):
  (G)   173   DFF  /u_reg_file/registers_reg[8][24]
Unmapped point (unreachable: all paths to outputs are blocked):
  (G)   174   DFF  /u_reg_file/registers_reg[8][23]
Unmapped point (unreachable: all paths to outputs are blocked):
  (G)   175   DFF  /u_reg_file/registers_reg[8][22]
Unmapped point (unreachable: all paths to outputs are blocked):
  (G)   176   DFF  /u_reg_file/registers_reg[8][21]
Unmapped point (unreachable: all paths to outputs are blocked):
  (G)   177   DFF  /u_reg_file/registers_reg[8][20]
Unmapped point (unreachable: all paths to outputs are blocked):
  (G)   178   DFF  /u_reg_file/registers_reg[8][19]
Unmapped point (unreachable: all paths to outputs are blocked):
  (G)   179   DFF  /u_reg_file/registers_reg[8][18]
Unmapped point (unreachable: all paths to outputs are blocked):
  (G)   180   DFF  /u_reg_file/registers_reg[8][17]
Unmapped point (unreachable: all paths to outputs are blocked):
  (G)   181   DFF  /u_reg_file/registers_reg[8][16]
Unmapped point (unreachable: all paths to outputs are blocked):
  (G)   182   DFF  /u_reg_file/registers_reg[8][15]
Unmapped point (unreachable: all paths to outputs are blocked):
  (G)   183   DFF  /u_reg_file/registers_reg[8][14]
Unmapped point (unreachable: all paths to outputs are blocked):
  (G)   184   DFF  /u_reg_file/registers_reg[8][13]
Unmapped point (unreachable: all paths to outputs are blocked):
  (G)   185   DFF  /u_reg_file/registers_reg[8][12]
Unmapped point (unreachable: all paths to outputs are blocked):
  (G)   186   DFF  /u_reg_file/registers_reg[8][11]
Unmapped point (unreachable: all paths to outputs are blocked):
  (G)   187   DFF  /u_reg_file/registers_reg[8][10]
Unmapped point (unreachable: all paths to outputs are blocked):
  (G)   188   DFF  /u_reg_file/registers_reg[8][9]
Unmapped point (unreachable: all paths to outputs are blocked):
  (G)   189   DFF  /u_reg_file/registers_reg[8][8]
Unmapped point (unreachable: all paths to outputs are blocked):
  (G)   190   DFF  /u_reg_file/registers_reg[8][7]
Unmapped point (unreachable: all paths to outputs are blocked):
  (G)   191   DFF  /u_reg_file/registers_reg[8][6]
Unmapped point (unreachable: all paths to outputs are blocked):
  (G)   192   DFF  /u_reg_file/registers_reg[8][5]
Unmapped point (unreachable: all paths to outputs are blocked):
  (G)   193   DFF  /u_reg_file/registers_reg[8][4]
Unmapped point (unreachable: all paths to outputs are blocked):
  (G)   194   DFF  /u_reg_file/registers_reg[8][3]
Unmapped point (unreachable: all paths to outputs are blocked):
  (G)   195   DFF  /u_reg_file/registers_reg[8][2]
Unmapped point (unreachable: all paths to outputs are blocked):
  (G)   196   DFF  /u_reg_file/registers_reg[8][1]
Unmapped point (unreachable: all paths to outputs are blocked):
  (G)   197   DFF  /u_reg_file/registers_reg[8][0]
Unmapped point (unreachable: all paths to outputs are blocked):
  (G)   198   DFF  /u_axi_adapter/read_data_reg_reg[31]
Unmapped point (unreachable: all paths to outputs are blocked):
  (G)   199   DFF  /u_axi_adapter/read_data_reg_reg[30]
Unmapped point (unreachable: all paths to outputs are blocked):
  (G)   200   DFF  /u_axi_adapter/read_data_reg_reg[29]
Unmapped point (unreachable: all paths to outputs are blocked):
  (G)   201   DFF  /u_axi_adapter/read_data_reg_reg[28]
Unmapped point (unreachable: all paths to outputs are blocked):
  (G)   202   DFF  /u_axi_adapter/read_data_reg_reg[27]
Unmapped point (unreachable: all paths to outputs are blocked):
  (G)   203   DFF  /u_axi_adapter/read_data_reg_reg[26]
Unmapped point (unreachable: all paths to outputs are blocked):
  (G)   204   DFF  /u_axi_adapter/read_data_reg_reg[25]
Unmapped point (unreachable: all paths to outputs are blocked):
  (G)   205   DFF  /u_axi_adapter/read_data_reg_reg[24]
Unmapped point (unreachable: all paths to outputs are blocked):
  (G)   206   DFF  /u_axi_adapter/read_data_reg_reg[23]
Unmapped point (unreachable: all paths to outputs are blocked):
  (G)   207   DFF  /u_axi_adapter/read_data_reg_reg[22]
Unmapped point (unreachable: all paths to outputs are blocked):
  (G)   208   DFF  /u_axi_adapter/read_data_reg_reg[21]
Unmapped point (unreachable: all paths to outputs are blocked):
  (G)   209   DFF  /u_axi_adapter/read_data_reg_reg[20]
Unmapped point (unreachable: all paths to outputs are blocked):
  (G)   210   DFF  /u_axi_adapter/read_data_reg_reg[19]
Unmapped point (unreachable: all paths to outputs are blocked):
  (G)   211   DFF  /u_axi_adapter/read_data_reg_reg[18]
Unmapped point (unreachable: all paths to outputs are blocked):
  (G)   212   DFF  /u_axi_adapter/read_data_reg_reg[17]
Unmapped point (unreachable: all paths to outputs are blocked):
  (G)   213   DFF  /u_axi_adapter/read_data_reg_reg[16]
Unmapped point (unreachable: all paths to outputs are blocked):
  (G)   214   DFF  /u_axi_adapter/read_data_reg_reg[15]
Unmapped point (unreachable: all paths to outputs are blocked):
  (G)   215   DFF  /u_axi_adapter/read_data_reg_reg[14]
Unmapped point (unreachable: all paths to outputs are blocked):
  (G)   216   DFF  /u_axi_adapter/read_data_reg_reg[13]
Unmapped point (unreachable: all paths to outputs are blocked):
  (G)   217   DFF  /u_axi_adapter/read_data_reg_reg[12]
Unmapped point (unreachable: all paths to outputs are blocked):
  (G)   218   DFF  /u_axi_adapter/read_data_reg_reg[11]
Unmapped point (unreachable: all paths to outputs are blocked):
  (G)   219   DFF  /u_axi_adapter/read_data_reg_reg[10]
Unmapped point (unreachable: all paths to outputs are blocked):
  (G)   220   DFF  /u_axi_adapter/read_data_reg_reg[9]
Unmapped point (unreachable: all paths to outputs are blocked):
  (G)   221   DFF  /u_axi_adapter/read_data_reg_reg[8]
Unmapped point (unreachable: all paths to outputs are blocked):
  (G)   222   DFF  /u_axi_adapter/read_data_reg_reg[7]
Unmapped point (unreachable: all paths to outputs are blocked):
  (G)   223   DFF  /u_axi_adapter/read_data_reg_reg[6]
Unmapped point (unreachable: all paths to outputs are blocked):
  (G)   224   DFF  /u_axi_adapter/read_data_reg_reg[5]
Unmapped point (unreachable: all paths to outputs are blocked):
  (G)   225   DFF  /u_axi_adapter/read_data_reg_reg[4]
Unmapped point (unreachable: all paths to outputs are blocked):
  (G)   226   DFF  /u_axi_adapter/read_data_reg_reg[3]
Unmapped point (unreachable: all paths to outputs are blocked):
  (G)   227   DFF  /u_axi_adapter/read_data_reg_reg[2]
Unmapped point (unreachable: all paths to outputs are blocked):
  (G)   228   DFF  /u_axi_adapter/read_data_reg_reg[1]
Unmapped point (unreachable: all paths to outputs are blocked):
  (G)   229   DFF  /u_axi_adapter/read_data_reg_reg[0]
Unmapped point (not-mapped):
  (G)   230   DFF  /u_axi_adapter/state_reg[2]
Unmapped point (unreachable: all paths to outputs are blocked):
  (G)   265   DFF  /u_pwm_peripheral/araddr_latched_reg[31]
Unmapped point (unreachable: all paths to outputs are blocked):
  (G)   266   DFF  /u_pwm_peripheral/araddr_latched_reg[30]
Unmapped point (unreachable: all paths to outputs are blocked):
  (G)   267   DFF  /u_pwm_peripheral/araddr_latched_reg[29]
Unmapped point (unreachable: all paths to outputs are blocked):
  (G)   268   DFF  /u_pwm_peripheral/araddr_latched_reg[28]
Unmapped point (unreachable: all paths to outputs are blocked):
  (G)   269   DFF  /u_pwm_peripheral/araddr_latched_reg[27]
Unmapped point (unreachable: all paths to outputs are blocked):
  (G)   270   DFF  /u_pwm_peripheral/araddr_latched_reg[26]
Unmapped point (unreachable: all paths to outputs are blocked):
  (G)   271   DFF  /u_pwm_peripheral/araddr_latched_reg[25]
Unmapped point (unreachable: all paths to outputs are blocked):
  (G)   272   DFF  /u_pwm_peripheral/araddr_latched_reg[24]
Unmapped point (unreachable: all paths to outputs are blocked):
  (G)   273   DFF  /u_pwm_peripheral/araddr_latched_reg[23]
Unmapped point (unreachable: all paths to outputs are blocked):
  (G)   274   DFF  /u_pwm_peripheral/araddr_latched_reg[22]
Unmapped point (unreachable: all paths to outputs are blocked):
  (G)   275   DFF  /u_pwm_peripheral/araddr_latched_reg[21]
Unmapped point (unreachable: all paths to outputs are blocked):
  (G)   276   DFF  /u_pwm_peripheral/araddr_latched_reg[20]
Unmapped point (unreachable: all paths to outputs are blocked):
  (G)   277   DFF  /u_pwm_peripheral/araddr_latched_reg[19]
Unmapped point (unreachable: all paths to outputs are blocked):
  (G)   278   DFF  /u_pwm_peripheral/araddr_latched_reg[18]
Unmapped point (unreachable: all paths to outputs are blocked):
  (G)   279   DFF  /u_pwm_peripheral/araddr_latched_reg[17]
Unmapped point (unreachable: all paths to outputs are blocked):
  (G)   280   DFF  /u_pwm_peripheral/araddr_latched_reg[16]
Unmapped point (unreachable: all paths to outputs are blocked):
  (G)   281   DFF  /u_pwm_peripheral/araddr_latched_reg[15]
Unmapped point (unreachable: all paths to outputs are blocked):
  (G)   282   DFF  /u_pwm_peripheral/araddr_latched_reg[14]
Unmapped point (unreachable: all paths to outputs are blocked):
  (G)   283   DFF  /u_pwm_peripheral/araddr_latched_reg[13]
Unmapped point (unreachable: all paths to outputs are blocked):
  (G)   284   DFF  /u_pwm_peripheral/araddr_latched_reg[12]
Unmapped point (unreachable: all paths to outputs are blocked):
  (G)   285   DFF  /u_pwm_peripheral/araddr_latched_reg[11]
Unmapped point (unreachable: all paths to outputs are blocked):
  (G)   286   DFF  /u_pwm_peripheral/araddr_latched_reg[10]
Unmapped point (unreachable: all paths to outputs are blocked):
  (G)   287   DFF  /u_pwm_peripheral/araddr_latched_reg[9]
Unmapped point (unreachable: all paths to outputs are blocked):
  (G)   288   DFF  /u_pwm_peripheral/araddr_latched_reg[8]
Unmapped point (unreachable: all paths to outputs are blocked):
  (G)   289   DFF  /u_pwm_peripheral/araddr_latched_reg[7]
Unmapped point (unreachable: all paths to outputs are blocked):
  (G)   290   DFF  /u_pwm_peripheral/araddr_latched_reg[6]
Unmapped point (unreachable: all paths to outputs are blocked):
  (G)   291   DFF  /u_pwm_peripheral/araddr_latched_reg[5]
Unmapped point (unreachable: all paths to outputs are blocked):
  (G)   292   DFF  /u_pwm_peripheral/araddr_latched_reg[4]
Unmapped point (unreachable: all paths to outputs are blocked):
  (R)   292   BBOX /u_data_mem/u_ram_lower
Unmapped point (unreachable: all paths to outputs are blocked):
  (G)   293   DFF  /u_pwm_peripheral/araddr_latched_reg[3]
Unmapped point (unreachable: all paths to outputs are blocked):
  (R)   293   BBOX /u_data_mem/u_ram_upper
Unmapped point (unreachable: all paths to outputs are blocked):
  (G)   294   DFF  /u_pwm_peripheral/araddr_latched_reg[2]
Unmapped point (unreachable: all paths to outputs are blocked):
  (G)   295   DFF  /u_pwm_peripheral/araddr_latched_reg[1]
Unmapped point (unreachable: all paths to outputs are blocked):
  (G)   296   DFF  /u_pwm_peripheral/araddr_latched_reg[0]
Unmapped point (not-mapped):
  (G)   297   DFF  /u_pwm_peripheral/rstate_reg[1]
Unmapped point (not-mapped):
  (G)   298   DFF  /u_pwm_peripheral/rstate_reg[0]
Unmapped point (unreachable: all paths to outputs are blocked):
  (G)   299   DFF  /u_pwm_peripheral/awaddr_latched_reg[31]
Unmapped point (unreachable: all paths to outputs are blocked):
  (G)   300   DFF  /u_pwm_peripheral/awaddr_latched_reg[30]
Unmapped point (unreachable: all paths to outputs are blocked):
  (G)   301   DFF  /u_pwm_peripheral/awaddr_latched_reg[29]
Unmapped point (unreachable: all paths to outputs are blocked):
  (G)   302   DFF  /u_pwm_peripheral/awaddr_latched_reg[28]
Unmapped point (unreachable: all paths to outputs are blocked):
  (G)   303   DFF  /u_pwm_peripheral/awaddr_latched_reg[27]
Unmapped point (unreachable: all paths to outputs are blocked):
  (G)   304   DFF  /u_pwm_peripheral/awaddr_latched_reg[26]
Unmapped point (unreachable: all paths to outputs are blocked):
  (G)   305   DFF  /u_pwm_peripheral/awaddr_latched_reg[25]
Unmapped point (unreachable: all paths to outputs are blocked):
  (G)   306   DFF  /u_pwm_peripheral/awaddr_latched_reg[24]
Unmapped point (unreachable: all paths to outputs are blocked):
  (G)   307   DFF  /u_pwm_peripheral/awaddr_latched_reg[23]
Unmapped point (unreachable: all paths to outputs are blocked):
  (G)   308   DFF  /u_pwm_peripheral/awaddr_latched_reg[22]
Unmapped point (unreachable: all paths to outputs are blocked):
  (G)   309   DFF  /u_pwm_peripheral/awaddr_latched_reg[21]
Unmapped point (unreachable: all paths to outputs are blocked):
  (G)   310   DFF  /u_pwm_peripheral/awaddr_latched_reg[20]
Unmapped point (unreachable: all paths to outputs are blocked):
  (G)   311   DFF  /u_pwm_peripheral/awaddr_latched_reg[19]
Unmapped point (unreachable: all paths to outputs are blocked):
  (G)   312   DFF  /u_pwm_peripheral/awaddr_latched_reg[18]
Unmapped point (unreachable: all paths to outputs are blocked):
  (G)   313   DFF  /u_pwm_peripheral/awaddr_latched_reg[17]
Unmapped point (unreachable: all paths to outputs are blocked):
  (G)   314   DFF  /u_pwm_peripheral/awaddr_latched_reg[16]
Unmapped point (unreachable: all paths to outputs are blocked):
  (G)   315   DFF  /u_pwm_peripheral/awaddr_latched_reg[15]
Unmapped point (unreachable: all paths to outputs are blocked):
  (G)   316   DFF  /u_pwm_peripheral/awaddr_latched_reg[14]
Unmapped point (unreachable: all paths to outputs are blocked):
  (G)   317   DFF  /u_pwm_peripheral/awaddr_latched_reg[13]
Unmapped point (unreachable: all paths to outputs are blocked):
  (G)   318   DFF  /u_pwm_peripheral/awaddr_latched_reg[12]
Unmapped point (unreachable: all paths to outputs are blocked):
  (G)   319   DFF  /u_pwm_peripheral/awaddr_latched_reg[11]
Unmapped point (unreachable: all paths to outputs are blocked):
  (G)   320   DFF  /u_pwm_peripheral/awaddr_latched_reg[10]
Unmapped point (unreachable: all paths to outputs are blocked):
  (G)   321   DFF  /u_pwm_peripheral/awaddr_latched_reg[9]
Unmapped point (unreachable: all paths to outputs are blocked):
  (G)   322   DFF  /u_pwm_peripheral/awaddr_latched_reg[8]
Unmapped point (unreachable: all paths to outputs are blocked):
  (G)   397   DFF  /u_pwm_peripheral/control_reg_reg[31]
Unmapped point (unreachable: all paths to outputs are blocked):
  (G)   398   DFF  /u_pwm_peripheral/control_reg_reg[30]
Unmapped point (unreachable: all paths to outputs are blocked):
  (G)   399   DFF  /u_pwm_peripheral/control_reg_reg[29]
Unmapped point (unreachable: all paths to outputs are blocked):
  (G)   400   DFF  /u_pwm_peripheral/control_reg_reg[28]
Unmapped point (unreachable: all paths to outputs are blocked):
  (G)   401   DFF  /u_pwm_peripheral/control_reg_reg[27]
Unmapped point (unreachable: all paths to outputs are blocked):
  (G)   402   DFF  /u_pwm_peripheral/control_reg_reg[26]
Unmapped point (unreachable: all paths to outputs are blocked):
  (G)   403   DFF  /u_pwm_peripheral/control_reg_reg[25]
Unmapped point (unreachable: all paths to outputs are blocked):
  (G)   404   DFF  /u_pwm_peripheral/control_reg_reg[24]
Unmapped point (unreachable: all paths to outputs are blocked):
  (G)   405   DFF  /u_pwm_peripheral/control_reg_reg[23]
Unmapped point (unreachable: all paths to outputs are blocked):
  (G)   406   DFF  /u_pwm_peripheral/control_reg_reg[22]
Unmapped point (unreachable: all paths to outputs are blocked):
  (G)   407   DFF  /u_pwm_peripheral/control_reg_reg[21]
Unmapped point (unreachable: all paths to outputs are blocked):
  (G)   408   DFF  /u_pwm_peripheral/control_reg_reg[20]
Unmapped point (unreachable: all paths to outputs are blocked):
  (G)   409   DFF  /u_pwm_peripheral/control_reg_reg[19]
Unmapped point (unreachable: all paths to outputs are blocked):
  (G)   410   DFF  /u_pwm_peripheral/control_reg_reg[18]
Unmapped point (unreachable: all paths to outputs are blocked):
  (G)   411   DFF  /u_pwm_peripheral/control_reg_reg[17]
Unmapped point (unreachable: all paths to outputs are blocked):
  (G)   412   DFF  /u_pwm_peripheral/control_reg_reg[16]
Unmapped point (unreachable: all paths to outputs are blocked):
  (G)   413   DFF  /u_pwm_peripheral/control_reg_reg[15]
Unmapped point (unreachable: all paths to outputs are blocked):
  (G)   414   DFF  /u_pwm_peripheral/control_reg_reg[14]
Unmapped point (unreachable: all paths to outputs are blocked):
  (G)   415   DFF  /u_pwm_peripheral/control_reg_reg[13]
Unmapped point (unreachable: all paths to outputs are blocked):
  (G)   416   DFF  /u_pwm_peripheral/control_reg_reg[12]
Unmapped point (unreachable: all paths to outputs are blocked):
  (G)   417   DFF  /u_pwm_peripheral/control_reg_reg[11]
Unmapped point (unreachable: all paths to outputs are blocked):
  (G)   418   DFF  /u_pwm_peripheral/control_reg_reg[10]
Unmapped point (unreachable: all paths to outputs are blocked):
  (G)   419   DFF  /u_pwm_peripheral/control_reg_reg[9]
Unmapped point (unreachable: all paths to outputs are blocked):
  (G)   420   DFF  /u_pwm_peripheral/control_reg_reg[8]
Unmapped point (unreachable: all paths to outputs are blocked):
  (G)   421   DFF  /u_pwm_peripheral/control_reg_reg[7]
Unmapped point (unreachable: all paths to outputs are blocked):
  (G)   422   DFF  /u_pwm_peripheral/control_reg_reg[6]
Unmapped point (unreachable: all paths to outputs are blocked):
  (G)   423   DFF  /u_pwm_peripheral/control_reg_reg[5]
Unmapped point (unreachable: all paths to outputs are blocked):
  (G)   424   DFF  /u_pwm_peripheral/control_reg_reg[4]
Unmapped point (unreachable: all paths to outputs are blocked):
  (G)   425   DFF  /u_pwm_peripheral/control_reg_reg[3]
Unmapped point (unreachable: all paths to outputs are blocked):
  (G)   426   DFF  /u_pwm_peripheral/control_reg_reg[2]
Unmapped point (unreachable: all paths to outputs are blocked):
  (G)   427   DFF  /u_pwm_peripheral/control_reg_reg[1]
Unmapped point (unreachable: all paths to outputs are blocked):
  (G)   429   DFF  /u_timer_peripheral/araddr_latched_reg[31]
Unmapped point (unreachable: all paths to outputs are blocked):
  (G)   430   DFF  /u_timer_peripheral/araddr_latched_reg[30]
Unmapped point (unreachable: all paths to outputs are blocked):
  (G)   431   DFF  /u_timer_peripheral/araddr_latched_reg[29]
Unmapped point (unreachable: all paths to outputs are blocked):
  (G)   432   DFF  /u_timer_peripheral/araddr_latched_reg[28]
Unmapped point (unreachable: all paths to outputs are blocked):
  (G)   433   DFF  /u_timer_peripheral/araddr_latched_reg[27]
Unmapped point (unreachable: all paths to outputs are blocked):
  (G)   434   DFF  /u_timer_peripheral/araddr_latched_reg[26]
Unmapped point (unreachable: all paths to outputs are blocked):
  (G)   435   DFF  /u_timer_peripheral/araddr_latched_reg[25]
Unmapped point (unreachable: all paths to outputs are blocked):
  (G)   436   DFF  /u_timer_peripheral/araddr_latched_reg[24]
Unmapped point (unreachable: all paths to outputs are blocked):
  (G)   437   DFF  /u_timer_peripheral/araddr_latched_reg[23]
Unmapped point (unreachable: all paths to outputs are blocked):
  (G)   438   DFF  /u_timer_peripheral/araddr_latched_reg[22]
Unmapped point (unreachable: all paths to outputs are blocked):
  (G)   439   DFF  /u_timer_peripheral/araddr_latched_reg[21]
Unmapped point (unreachable: all paths to outputs are blocked):
  (G)   440   DFF  /u_timer_peripheral/araddr_latched_reg[20]
Unmapped point (unreachable: all paths to outputs are blocked):
  (G)   441   DFF  /u_timer_peripheral/araddr_latched_reg[19]
Unmapped point (unreachable: all paths to outputs are blocked):
  (G)   442   DFF  /u_timer_peripheral/araddr_latched_reg[18]
Unmapped point (unreachable: all paths to outputs are blocked):
  (G)   443   DFF  /u_timer_peripheral/araddr_latched_reg[17]
Unmapped point (unreachable: all paths to outputs are blocked):
  (G)   444   DFF  /u_timer_peripheral/araddr_latched_reg[16]
Unmapped point (unreachable: all paths to outputs are blocked):
  (G)   445   DFF  /u_timer_peripheral/araddr_latched_reg[15]
Unmapped point (unreachable: all paths to outputs are blocked):
  (G)   446   DFF  /u_timer_peripheral/araddr_latched_reg[14]
Unmapped point (unreachable: all paths to outputs are blocked):
  (G)   447   DFF  /u_timer_peripheral/araddr_latched_reg[13]
Unmapped point (unreachable: all paths to outputs are blocked):
  (G)   448   DFF  /u_timer_peripheral/araddr_latched_reg[12]
Unmapped point (unreachable: all paths to outputs are blocked):
  (G)   449   DFF  /u_timer_peripheral/araddr_latched_reg[11]
Unmapped point (unreachable: all paths to outputs are blocked):
  (G)   450   DFF  /u_timer_peripheral/araddr_latched_reg[10]
Unmapped point (unreachable: all paths to outputs are blocked):
  (G)   451   DFF  /u_timer_peripheral/araddr_latched_reg[9]
Unmapped point (unreachable: all paths to outputs are blocked):
  (G)   452   DFF  /u_timer_peripheral/araddr_latched_reg[8]
Unmapped point (unreachable: all paths to outputs are blocked):
  (G)   453   DFF  /u_timer_peripheral/araddr_latched_reg[7]
Unmapped point (unreachable: all paths to outputs are blocked):
  (G)   454   DFF  /u_timer_peripheral/araddr_latched_reg[6]
Unmapped point (unreachable: all paths to outputs are blocked):
  (G)   455   DFF  /u_timer_peripheral/araddr_latched_reg[5]
Unmapped point (unreachable: all paths to outputs are blocked):
  (G)   456   DFF  /u_timer_peripheral/araddr_latched_reg[4]
Unmapped point (unreachable: all paths to outputs are blocked):
  (G)   457   DFF  /u_timer_peripheral/araddr_latched_reg[3]
Unmapped point (unreachable: all paths to outputs are blocked):
  (G)   458   DFF  /u_timer_peripheral/araddr_latched_reg[2]
Unmapped point (unreachable: all paths to outputs are blocked):
  (G)   459   DFF  /u_timer_peripheral/araddr_latched_reg[1]
Unmapped point (unreachable: all paths to outputs are blocked):
  (G)   460   DFF  /u_timer_peripheral/araddr_latched_reg[0]
Unmapped point (not-mapped):
  (G)   461   DFF  /u_timer_peripheral/rstate_reg[1]
Unmapped point (not-mapped):
  (G)   462   DFF  /u_timer_peripheral/rstate_reg[0]
Unmapped point (unreachable: all paths to outputs are blocked):
  (G)   463   DFF  /u_timer_peripheral/awaddr_latched_reg[31]
Unmapped point (unreachable: all paths to outputs are blocked):
  (G)   464   DFF  /u_timer_peripheral/awaddr_latched_reg[30]
Unmapped point (unreachable: all paths to outputs are blocked):
  (G)   465   DFF  /u_timer_peripheral/awaddr_latched_reg[29]
Unmapped point (unreachable: all paths to outputs are blocked):
  (G)   466   DFF  /u_timer_peripheral/awaddr_latched_reg[28]
Unmapped point (unreachable: all paths to outputs are blocked):
  (G)   467   DFF  /u_timer_peripheral/awaddr_latched_reg[27]
Unmapped point (unreachable: all paths to outputs are blocked):
  (G)   468   DFF  /u_timer_peripheral/awaddr_latched_reg[26]
Unmapped point (unreachable: all paths to outputs are blocked):
  (G)   469   DFF  /u_timer_peripheral/awaddr_latched_reg[25]
Unmapped point (unreachable: all paths to outputs are blocked):
  (G)   470   DFF  /u_timer_peripheral/awaddr_latched_reg[24]
Unmapped point (unreachable: all paths to outputs are blocked):
  (G)   471   DFF  /u_timer_peripheral/awaddr_latched_reg[23]
Unmapped point (unreachable: all paths to outputs are blocked):
  (G)   472   DFF  /u_timer_peripheral/awaddr_latched_reg[22]
Unmapped point (unreachable: all paths to outputs are blocked):
  (G)   473   DFF  /u_timer_peripheral/awaddr_latched_reg[21]
Unmapped point (unreachable: all paths to outputs are blocked):
  (G)   474   DFF  /u_timer_peripheral/awaddr_latched_reg[20]
Unmapped point (unreachable: all paths to outputs are blocked):
  (G)   475   DFF  /u_timer_peripheral/awaddr_latched_reg[19]
Unmapped point (unreachable: all paths to outputs are blocked):
  (G)   476   DFF  /u_timer_peripheral/awaddr_latched_reg[18]
Unmapped point (unreachable: all paths to outputs are blocked):
  (G)   477   DFF  /u_timer_peripheral/awaddr_latched_reg[17]
Unmapped point (unreachable: all paths to outputs are blocked):
  (G)   478   DFF  /u_timer_peripheral/awaddr_latched_reg[16]
Unmapped point (unreachable: all paths to outputs are blocked):
  (G)   479   DFF  /u_timer_peripheral/awaddr_latched_reg[15]
Unmapped point (unreachable: all paths to outputs are blocked):
  (G)   480   DFF  /u_timer_peripheral/awaddr_latched_reg[14]
Unmapped point (unreachable: all paths to outputs are blocked):
  (G)   481   DFF  /u_timer_peripheral/awaddr_latched_reg[13]
Unmapped point (unreachable: all paths to outputs are blocked):
  (G)   482   DFF  /u_timer_peripheral/awaddr_latched_reg[12]
Unmapped point (unreachable: all paths to outputs are blocked):
  (G)   483   DFF  /u_timer_peripheral/awaddr_latched_reg[11]
Unmapped point (unreachable: all paths to outputs are blocked):
  (G)   484   DFF  /u_timer_peripheral/awaddr_latched_reg[10]
Unmapped point (unreachable: all paths to outputs are blocked):
  (G)   485   DFF  /u_timer_peripheral/awaddr_latched_reg[9]
Unmapped point (unreachable: all paths to outputs are blocked):
  (G)   486   DFF  /u_timer_peripheral/awaddr_latched_reg[8]
Unmapped point (unreachable: all paths to outputs are blocked):
  (G)   561   DFF  /u_timer_peripheral/control_reg_reg[31]
Unmapped point (unreachable: all paths to outputs are blocked):
  (G)   562   DFF  /u_timer_peripheral/control_reg_reg[30]
Unmapped point (unreachable: all paths to outputs are blocked):
  (G)   563   DFF  /u_timer_peripheral/control_reg_reg[29]
Unmapped point (unreachable: all paths to outputs are blocked):
  (G)   564   DFF  /u_timer_peripheral/control_reg_reg[28]
Unmapped point (unreachable: all paths to outputs are blocked):
  (G)   565   DFF  /u_timer_peripheral/control_reg_reg[27]
Unmapped point (unreachable: all paths to outputs are blocked):
  (G)   566   DFF  /u_timer_peripheral/control_reg_reg[26]
Unmapped point (unreachable: all paths to outputs are blocked):
  (G)   567   DFF  /u_timer_peripheral/control_reg_reg[25]
Unmapped point (unreachable: all paths to outputs are blocked):
  (G)   568   DFF  /u_timer_peripheral/control_reg_reg[24]
Unmapped point (unreachable: all paths to outputs are blocked):
  (G)   569   DFF  /u_timer_peripheral/control_reg_reg[23]
Unmapped point (unreachable: all paths to outputs are blocked):
  (G)   570   DFF  /u_timer_peripheral/control_reg_reg[22]
Unmapped point (unreachable: all paths to outputs are blocked):
  (G)   571   DFF  /u_timer_peripheral/control_reg_reg[21]
Unmapped point (unreachable: all paths to outputs are blocked):
  (G)   572   DFF  /u_timer_peripheral/control_reg_reg[20]
Unmapped point (unreachable: all paths to outputs are blocked):
  (G)   573   DFF  /u_timer_peripheral/control_reg_reg[19]
Unmapped point (unreachable: all paths to outputs are blocked):
  (G)   574   DFF  /u_timer_peripheral/control_reg_reg[18]
Unmapped point (unreachable: all paths to outputs are blocked):
  (G)   575   DFF  /u_timer_peripheral/control_reg_reg[17]
Unmapped point (unreachable: all paths to outputs are blocked):
  (G)   576   DFF  /u_timer_peripheral/control_reg_reg[16]
Unmapped point (unreachable: all paths to outputs are blocked):
  (G)   577   DFF  /u_timer_peripheral/control_reg_reg[15]
Unmapped point (unreachable: all paths to outputs are blocked):
  (G)   578   DFF  /u_timer_peripheral/control_reg_reg[14]
Unmapped point (unreachable: all paths to outputs are blocked):
  (G)   579   DFF  /u_timer_peripheral/control_reg_reg[13]
Unmapped point (unreachable: all paths to outputs are blocked):
  (G)   580   DFF  /u_timer_peripheral/control_reg_reg[12]
Unmapped point (unreachable: all paths to outputs are blocked):
  (G)   581   DFF  /u_timer_peripheral/control_reg_reg[11]
Unmapped point (unreachable: all paths to outputs are blocked):
  (G)   582   DFF  /u_timer_peripheral/control_reg_reg[10]
Unmapped point (unreachable: all paths to outputs are blocked):
  (G)   583   DFF  /u_timer_peripheral/control_reg_reg[9]
Unmapped point (unreachable: all paths to outputs are blocked):
  (G)   584   DFF  /u_timer_peripheral/control_reg_reg[8]
Unmapped point (unreachable: all paths to outputs are blocked):
  (G)   585   DFF  /u_timer_peripheral/control_reg_reg[7]
Unmapped point (unreachable: all paths to outputs are blocked):
  (G)   586   DFF  /u_timer_peripheral/control_reg_reg[6]
Unmapped point (unreachable: all paths to outputs are blocked):
  (G)   587   DFF  /u_timer_peripheral/control_reg_reg[5]
Unmapped point (unreachable: all paths to outputs are blocked):
  (G)   588   DFF  /u_timer_peripheral/control_reg_reg[4]
Unmapped point (unreachable: all paths to outputs are blocked):
  (G)   589   DFF  /u_timer_peripheral/control_reg_reg[3]
Unmapped point (unreachable: all paths to outputs are blocked):
  (G)   590   DFF  /u_timer_peripheral/control_reg_reg[2]
Unmapped point (not-mapped):
  (G)   594   DLAT /u_reg_file/registers_reg[0][31]
Unmapped point (not-mapped):
  (G)   595   DLAT /u_reg_file/registers_reg[0][30]
Unmapped point (not-mapped):
  (G)   596   DLAT /u_reg_file/registers_reg[0][29]
Unmapped point (not-mapped):
  (G)   597   DLAT /u_reg_file/registers_reg[0][28]
Unmapped point (not-mapped):
  (G)   598   DLAT /u_reg_file/registers_reg[0][27]
Unmapped point (not-mapped):
  (G)   599   DLAT /u_reg_file/registers_reg[0][26]
Unmapped point (not-mapped):
  (G)   600   DLAT /u_reg_file/registers_reg[0][25]
Unmapped point (not-mapped):
  (G)   601   DLAT /u_reg_file/registers_reg[0][24]
Unmapped point (not-mapped):
  (G)   602   DLAT /u_reg_file/registers_reg[0][23]
Unmapped point (not-mapped):
  (G)   603   DLAT /u_reg_file/registers_reg[0][22]
Unmapped point (not-mapped):
  (G)   604   DLAT /u_reg_file/registers_reg[0][21]
Unmapped point (not-mapped):
  (G)   605   DLAT /u_reg_file/registers_reg[0][20]
Unmapped point (not-mapped):
  (G)   606   DLAT /u_reg_file/registers_reg[0][19]
Unmapped point (not-mapped):
  (G)   607   DLAT /u_reg_file/registers_reg[0][18]
Unmapped point (not-mapped):
  (G)   608   DLAT /u_reg_file/registers_reg[0][17]
Unmapped point (not-mapped):
  (G)   609   DLAT /u_reg_file/registers_reg[0][16]
Unmapped point (not-mapped):
  (G)   610   DLAT /u_reg_file/registers_reg[0][15]
Unmapped point (not-mapped):
  (G)   611   DLAT /u_reg_file/registers_reg[0][14]
Unmapped point (not-mapped):
  (G)   612   DLAT /u_reg_file/registers_reg[0][13]
Unmapped point (not-mapped):
  (G)   613   DLAT /u_reg_file/registers_reg[0][12]
Unmapped point (not-mapped):
  (G)   614   DLAT /u_reg_file/registers_reg[0][11]
Unmapped point (not-mapped):
  (G)   615   DLAT /u_reg_file/registers_reg[0][10]
Unmapped point (not-mapped):
  (G)   616   DLAT /u_reg_file/registers_reg[0][9]
Unmapped point (not-mapped):
  (G)   617   DLAT /u_reg_file/registers_reg[0][8]
Unmapped point (not-mapped):
  (G)   618   DLAT /u_reg_file/registers_reg[0][7]
Unmapped point (not-mapped):
  (G)   619   DLAT /u_reg_file/registers_reg[0][6]
Unmapped point (not-mapped):
  (G)   620   DLAT /u_reg_file/registers_reg[0][5]
Unmapped point (not-mapped):
  (G)   621   DLAT /u_reg_file/registers_reg[0][4]
Unmapped point (not-mapped):
  (G)   622   DLAT /u_reg_file/registers_reg[0][3]
Unmapped point (not-mapped):
  (G)   623   DLAT /u_reg_file/registers_reg[0][2]
Unmapped point (not-mapped):
  (G)   624   DLAT /u_reg_file/registers_reg[0][1]
Unmapped point (not-mapped):
  (G)   625   DLAT /u_reg_file/registers_reg[0][0]
Unmapped point (unreachable: all paths to outputs are blocked):
  (G)   626   DLAT /u_reg_file/registers_reg[5][31]
Unmapped point (unreachable: all paths to outputs are blocked):
  (G)   627   DLAT /u_reg_file/registers_reg[5][30]
Unmapped point (unreachable: all paths to outputs are blocked):
  (G)   628   DLAT /u_reg_file/registers_reg[5][29]
Unmapped point (unreachable: all paths to outputs are blocked):
  (G)   629   DLAT /u_reg_file/registers_reg[5][28]
Unmapped point (unreachable: all paths to outputs are blocked):
  (G)   630   DLAT /u_reg_file/registers_reg[5][27]
Unmapped point (unreachable: all paths to outputs are blocked):
  (G)   631   DLAT /u_reg_file/registers_reg[5][26]
Unmapped point (unreachable: all paths to outputs are blocked):
  (G)   632   DLAT /u_reg_file/registers_reg[5][25]
Unmapped point (unreachable: all paths to outputs are blocked):
  (G)   633   DLAT /u_reg_file/registers_reg[5][24]
Unmapped point (unreachable: all paths to outputs are blocked):
  (G)   634   DLAT /u_reg_file/registers_reg[5][23]
Unmapped point (unreachable: all paths to outputs are blocked):
  (G)   635   DLAT /u_reg_file/registers_reg[5][22]
Unmapped point (unreachable: all paths to outputs are blocked):
  (G)   636   DLAT /u_reg_file/registers_reg[5][21]
Unmapped point (unreachable: all paths to outputs are blocked):
  (G)   637   DLAT /u_reg_file/registers_reg[5][20]
Unmapped point (unreachable: all paths to outputs are blocked):
  (G)   638   DLAT /u_reg_file/registers_reg[5][19]
Unmapped point (unreachable: all paths to outputs are blocked):
  (G)   639   DLAT /u_reg_file/registers_reg[5][18]
Unmapped point (unreachable: all paths to outputs are blocked):
  (G)   640   DLAT /u_reg_file/registers_reg[5][17]
Unmapped point (unreachable: all paths to outputs are blocked):
  (G)   641   DLAT /u_reg_file/registers_reg[5][16]
Unmapped point (unreachable: all paths to outputs are blocked):
  (G)   642   DLAT /u_reg_file/registers_reg[5][15]
Unmapped point (unreachable: all paths to outputs are blocked):
  (G)   643   DLAT /u_reg_file/registers_reg[5][14]
Unmapped point (unreachable: all paths to outputs are blocked):
  (G)   644   DLAT /u_reg_file/registers_reg[5][13]
Unmapped point (unreachable: all paths to outputs are blocked):
  (G)   645   DLAT /u_reg_file/registers_reg[5][12]
Unmapped point (unreachable: all paths to outputs are blocked):
  (G)   646   DLAT /u_reg_file/registers_reg[5][11]
Unmapped point (unreachable: all paths to outputs are blocked):
  (G)   647   DLAT /u_reg_file/registers_reg[5][10]
Unmapped point (unreachable: all paths to outputs are blocked):
  (G)   648   DLAT /u_reg_file/registers_reg[5][9]
Unmapped point (unreachable: all paths to outputs are blocked):
  (G)   649   DLAT /u_reg_file/registers_reg[5][8]
Unmapped point (unreachable: all paths to outputs are blocked):
  (G)   650   DLAT /u_reg_file/registers_reg[5][7]
Unmapped point (unreachable: all paths to outputs are blocked):
  (G)   651   DLAT /u_reg_file/registers_reg[5][6]
Unmapped point (unreachable: all paths to outputs are blocked):
  (G)   652   DLAT /u_reg_file/registers_reg[5][5]
Unmapped point (unreachable: all paths to outputs are blocked):
  (G)   653   DLAT /u_reg_file/registers_reg[5][4]
Unmapped point (unreachable: all paths to outputs are blocked):
  (G)   654   DLAT /u_reg_file/registers_reg[5][3]
Unmapped point (unreachable: all paths to outputs are blocked):
  (G)   655   DLAT /u_reg_file/registers_reg[5][2]
Unmapped point (unreachable: all paths to outputs are blocked):
  (G)   656   DLAT /u_reg_file/registers_reg[5][1]
Unmapped point (unreachable: all paths to outputs are blocked):
  (G)   657   DLAT /u_reg_file/registers_reg[5][0]
Unmapped point (unreachable: all paths to outputs are blocked):
  (G)   658   DLAT /u_reg_file/registers_reg[6][31]
Unmapped point (unreachable: all paths to outputs are blocked):
  (G)   659   DLAT /u_reg_file/registers_reg[6][30]
Unmapped point (unreachable: all paths to outputs are blocked):
  (G)   660   DLAT /u_reg_file/registers_reg[6][29]
Unmapped point (unreachable: all paths to outputs are blocked):
  (G)   661   DLAT /u_reg_file/registers_reg[6][28]
Unmapped point (unreachable: all paths to outputs are blocked):
  (G)   662   DLAT /u_reg_file/registers_reg[6][27]
Unmapped point (unreachable: all paths to outputs are blocked):
  (G)   663   DLAT /u_reg_file/registers_reg[6][26]
Unmapped point (unreachable: all paths to outputs are blocked):
  (G)   664   DLAT /u_reg_file/registers_reg[6][25]
Unmapped point (unreachable: all paths to outputs are blocked):
  (G)   665   DLAT /u_reg_file/registers_reg[6][24]
Unmapped point (unreachable: all paths to outputs are blocked):
  (G)   666   DLAT /u_reg_file/registers_reg[6][23]
Unmapped point (unreachable: all paths to outputs are blocked):
  (G)   667   DLAT /u_reg_file/registers_reg[6][22]
Unmapped point (unreachable: all paths to outputs are blocked):
  (G)   668   DLAT /u_reg_file/registers_reg[6][21]
Unmapped point (unreachable: all paths to outputs are blocked):
  (G)   669   DLAT /u_reg_file/registers_reg[6][20]
Unmapped point (unreachable: all paths to outputs are blocked):
  (G)   670   DLAT /u_reg_file/registers_reg[6][19]
Unmapped point (unreachable: all paths to outputs are blocked):
  (G)   671   DLAT /u_reg_file/registers_reg[6][18]
Unmapped point (unreachable: all paths to outputs are blocked):
  (G)   672   DLAT /u_reg_file/registers_reg[6][17]
Unmapped point (unreachable: all paths to outputs are blocked):
  (G)   673   DLAT /u_reg_file/registers_reg[6][16]
Unmapped point (unreachable: all paths to outputs are blocked):
  (G)   674   DLAT /u_reg_file/registers_reg[6][15]
Unmapped point (unreachable: all paths to outputs are blocked):
  (G)   675   DLAT /u_reg_file/registers_reg[6][14]
Unmapped point (unreachable: all paths to outputs are blocked):
  (G)   676   DLAT /u_reg_file/registers_reg[6][13]
Unmapped point (unreachable: all paths to outputs are blocked):
  (G)   677   DLAT /u_reg_file/registers_reg[6][12]
Unmapped point (unreachable: all paths to outputs are blocked):
  (G)   678   DLAT /u_reg_file/registers_reg[6][11]
Unmapped point (unreachable: all paths to outputs are blocked):
  (G)   679   DLAT /u_reg_file/registers_reg[6][10]
Unmapped point (unreachable: all paths to outputs are blocked):
  (G)   680   DLAT /u_reg_file/registers_reg[6][9]
Unmapped point (unreachable: all paths to outputs are blocked):
  (G)   681   DLAT /u_reg_file/registers_reg[6][8]
Unmapped point (unreachable: all paths to outputs are blocked):
  (G)   682   DLAT /u_reg_file/registers_reg[6][7]
Unmapped point (unreachable: all paths to outputs are blocked):
  (G)   683   DLAT /u_reg_file/registers_reg[6][6]
Unmapped point (unreachable: all paths to outputs are blocked):
  (G)   684   DLAT /u_reg_file/registers_reg[6][5]
Unmapped point (unreachable: all paths to outputs are blocked):
  (G)   685   DLAT /u_reg_file/registers_reg[6][4]
Unmapped point (unreachable: all paths to outputs are blocked):
  (G)   686   DLAT /u_reg_file/registers_reg[6][3]
Unmapped point (unreachable: all paths to outputs are blocked):
  (G)   687   DLAT /u_reg_file/registers_reg[6][2]
Unmapped point (unreachable: all paths to outputs are blocked):
  (G)   688   DLAT /u_reg_file/registers_reg[6][1]
Unmapped point (unreachable: all paths to outputs are blocked):
  (G)   689   DLAT /u_reg_file/registers_reg[6][0]
Unmapped point (unreachable: all paths to outputs are blocked):
  (G)   690   DLAT /u_reg_file/registers_reg[7][31]
Unmapped point (unreachable: all paths to outputs are blocked):
  (G)   691   DLAT /u_reg_file/registers_reg[7][30]
Unmapped point (unreachable: all paths to outputs are blocked):
  (G)   692   DLAT /u_reg_file/registers_reg[7][29]
Unmapped point (unreachable: all paths to outputs are blocked):
  (G)   693   DLAT /u_reg_file/registers_reg[7][28]
Unmapped point (unreachable: all paths to outputs are blocked):
  (G)   694   DLAT /u_reg_file/registers_reg[7][27]
Unmapped point (unreachable: all paths to outputs are blocked):
  (G)   695   DLAT /u_reg_file/registers_reg[7][26]
Unmapped point (unreachable: all paths to outputs are blocked):
  (G)   696   DLAT /u_reg_file/registers_reg[7][25]
Unmapped point (unreachable: all paths to outputs are blocked):
  (G)   697   DLAT /u_reg_file/registers_reg[7][24]
Unmapped point (unreachable: all paths to outputs are blocked):
  (G)   698   DLAT /u_reg_file/registers_reg[7][23]
Unmapped point (unreachable: all paths to outputs are blocked):
  (G)   699   DLAT /u_reg_file/registers_reg[7][22]
Unmapped point (unreachable: all paths to outputs are blocked):
  (G)   700   DLAT /u_reg_file/registers_reg[7][21]
Unmapped point (unreachable: all paths to outputs are blocked):
  (G)   701   DLAT /u_reg_file/registers_reg[7][20]
Unmapped point (unreachable: all paths to outputs are blocked):
  (G)   702   DLAT /u_reg_file/registers_reg[7][19]
Unmapped point (unreachable: all paths to outputs are blocked):
  (G)   703   DLAT /u_reg_file/registers_reg[7][18]
Unmapped point (unreachable: all paths to outputs are blocked):
  (G)   704   DLAT /u_reg_file/registers_reg[7][17]
Unmapped point (unreachable: all paths to outputs are blocked):
  (G)   705   DLAT /u_reg_file/registers_reg[7][16]
Unmapped point (unreachable: all paths to outputs are blocked):
  (G)   706   DLAT /u_reg_file/registers_reg[7][15]
Unmapped point (unreachable: all paths to outputs are blocked):
  (G)   707   DLAT /u_reg_file/registers_reg[7][14]
Unmapped point (unreachable: all paths to outputs are blocked):
  (G)   708   DLAT /u_reg_file/registers_reg[7][13]
Unmapped point (unreachable: all paths to outputs are blocked):
  (G)   709   DLAT /u_reg_file/registers_reg[7][12]
Unmapped point (unreachable: all paths to outputs are blocked):
  (G)   710   DLAT /u_reg_file/registers_reg[7][11]
Unmapped point (unreachable: all paths to outputs are blocked):
  (G)   711   DLAT /u_reg_file/registers_reg[7][10]
Unmapped point (unreachable: all paths to outputs are blocked):
  (G)   712   DLAT /u_reg_file/registers_reg[7][9]
Unmapped point (unreachable: all paths to outputs are blocked):
  (G)   713   DLAT /u_reg_file/registers_reg[7][8]
Unmapped point (unreachable: all paths to outputs are blocked):
  (G)   714   DLAT /u_reg_file/registers_reg[7][7]
Unmapped point (unreachable: all paths to outputs are blocked):
  (G)   715   DLAT /u_reg_file/registers_reg[7][6]
Unmapped point (unreachable: all paths to outputs are blocked):
  (G)   716   DLAT /u_reg_file/registers_reg[7][5]
Unmapped point (unreachable: all paths to outputs are blocked):
  (G)   717   DLAT /u_reg_file/registers_reg[7][4]
Unmapped point (unreachable: all paths to outputs are blocked):
  (G)   718   DLAT /u_reg_file/registers_reg[7][3]
Unmapped point (unreachable: all paths to outputs are blocked):
  (G)   719   DLAT /u_reg_file/registers_reg[7][2]
Unmapped point (unreachable: all paths to outputs are blocked):
  (G)   720   DLAT /u_reg_file/registers_reg[7][1]
Unmapped point (unreachable: all paths to outputs are blocked):
  (G)   721   DLAT /u_reg_file/registers_reg[7][0]
Unmapped point (unreachable: all paths to outputs are blocked):
  (G)   722   DLAT /u_reg_file/registers_reg[9][31]
Unmapped point (unreachable: all paths to outputs are blocked):
  (G)   723   DLAT /u_reg_file/registers_reg[9][30]
Unmapped point (unreachable: all paths to outputs are blocked):
  (G)   724   DLAT /u_reg_file/registers_reg[9][29]
Unmapped point (unreachable: all paths to outputs are blocked):
  (G)   725   DLAT /u_reg_file/registers_reg[9][28]
Unmapped point (unreachable: all paths to outputs are blocked):
  (G)   726   DLAT /u_reg_file/registers_reg[9][27]
Unmapped point (unreachable: all paths to outputs are blocked):
  (G)   727   DLAT /u_reg_file/registers_reg[9][26]
Unmapped point (unreachable: all paths to outputs are blocked):
  (G)   728   DLAT /u_reg_file/registers_reg[9][25]
Unmapped point (unreachable: all paths to outputs are blocked):
  (G)   729   DLAT /u_reg_file/registers_reg[9][24]
Unmapped point (unreachable: all paths to outputs are blocked):
  (G)   730   DLAT /u_reg_file/registers_reg[9][23]
Unmapped point (unreachable: all paths to outputs are blocked):
  (G)   731   DLAT /u_reg_file/registers_reg[9][22]
Unmapped point (unreachable: all paths to outputs are blocked):
  (G)   732   DLAT /u_reg_file/registers_reg[9][21]
Unmapped point (unreachable: all paths to outputs are blocked):
  (G)   733   DLAT /u_reg_file/registers_reg[9][20]
Unmapped point (unreachable: all paths to outputs are blocked):
  (G)   734   DLAT /u_reg_file/registers_reg[9][19]
Unmapped point (unreachable: all paths to outputs are blocked):
  (G)   735   DLAT /u_reg_file/registers_reg[9][18]
Unmapped point (unreachable: all paths to outputs are blocked):
  (G)   736   DLAT /u_reg_file/registers_reg[9][17]
Unmapped point (unreachable: all paths to outputs are blocked):
  (G)   737   DLAT /u_reg_file/registers_reg[9][16]
Unmapped point (unreachable: all paths to outputs are blocked):
  (G)   738   DLAT /u_reg_file/registers_reg[9][15]
Unmapped point (unreachable: all paths to outputs are blocked):
  (G)   739   DLAT /u_reg_file/registers_reg[9][14]
Unmapped point (unreachable: all paths to outputs are blocked):
  (G)   740   DLAT /u_reg_file/registers_reg[9][13]
Unmapped point (unreachable: all paths to outputs are blocked):
  (G)   741   DLAT /u_reg_file/registers_reg[9][12]
Unmapped point (unreachable: all paths to outputs are blocked):
  (G)   742   DLAT /u_reg_file/registers_reg[9][11]
Unmapped point (unreachable: all paths to outputs are blocked):
  (G)   743   DLAT /u_reg_file/registers_reg[9][10]
Unmapped point (unreachable: all paths to outputs are blocked):
  (G)   744   DLAT /u_reg_file/registers_reg[9][9]
Unmapped point (unreachable: all paths to outputs are blocked):
  (G)   745   DLAT /u_reg_file/registers_reg[9][8]
Unmapped point (unreachable: all paths to outputs are blocked):
  (G)   746   DLAT /u_reg_file/registers_reg[9][7]
Unmapped point (unreachable: all paths to outputs are blocked):
  (G)   747   DLAT /u_reg_file/registers_reg[9][6]
Unmapped point (unreachable: all paths to outputs are blocked):
  (G)   748   DLAT /u_reg_file/registers_reg[9][5]
Unmapped point (unreachable: all paths to outputs are blocked):
  (G)   749   DLAT /u_reg_file/registers_reg[9][4]
Unmapped point (unreachable: all paths to outputs are blocked):
  (G)   750   DLAT /u_reg_file/registers_reg[9][3]
Unmapped point (unreachable: all paths to outputs are blocked):
  (G)   751   DLAT /u_reg_file/registers_reg[9][2]
Unmapped point (unreachable: all paths to outputs are blocked):
  (G)   752   DLAT /u_reg_file/registers_reg[9][1]
Unmapped point (unreachable: all paths to outputs are blocked):
  (G)   753   DLAT /u_reg_file/registers_reg[9][0]
Unmapped point (unreachable: all paths to outputs are blocked):
  (G)   754   DLAT /u_reg_file/registers_reg[10][31]
Unmapped point (unreachable: all paths to outputs are blocked):
  (G)   755   DLAT /u_reg_file/registers_reg[10][30]
Unmapped point (unreachable: all paths to outputs are blocked):
  (G)   756   DLAT /u_reg_file/registers_reg[10][29]
Unmapped point (unreachable: all paths to outputs are blocked):
  (G)   757   DLAT /u_reg_file/registers_reg[10][28]
Unmapped point (unreachable: all paths to outputs are blocked):
  (G)   758   DLAT /u_reg_file/registers_reg[10][27]
Unmapped point (unreachable: all paths to outputs are blocked):
  (G)   759   DLAT /u_reg_file/registers_reg[10][26]
Unmapped point (unreachable: all paths to outputs are blocked):
  (G)   760   DLAT /u_reg_file/registers_reg[10][25]
Unmapped point (unreachable: all paths to outputs are blocked):
  (G)   761   DLAT /u_reg_file/registers_reg[10][24]
Unmapped point (unreachable: all paths to outputs are blocked):
  (G)   762   DLAT /u_reg_file/registers_reg[10][23]
Unmapped point (unreachable: all paths to outputs are blocked):
  (G)   763   DLAT /u_reg_file/registers_reg[10][22]
Unmapped point (unreachable: all paths to outputs are blocked):
  (G)   764   DLAT /u_reg_file/registers_reg[10][21]
Unmapped point (unreachable: all paths to outputs are blocked):
  (G)   765   DLAT /u_reg_file/registers_reg[10][20]
Unmapped point (unreachable: all paths to outputs are blocked):
  (G)   766   DLAT /u_reg_file/registers_reg[10][19]
Unmapped point (unreachable: all paths to outputs are blocked):
  (G)   767   DLAT /u_reg_file/registers_reg[10][18]
Unmapped point (unreachable: all paths to outputs are blocked):
  (G)   768   DLAT /u_reg_file/registers_reg[10][17]
Unmapped point (unreachable: all paths to outputs are blocked):
  (G)   769   DLAT /u_reg_file/registers_reg[10][16]
Unmapped point (unreachable: all paths to outputs are blocked):
  (G)   770   DLAT /u_reg_file/registers_reg[10][15]
Unmapped point (unreachable: all paths to outputs are blocked):
  (G)   771   DLAT /u_reg_file/registers_reg[10][14]
Unmapped point (unreachable: all paths to outputs are blocked):
  (G)   772   DLAT /u_reg_file/registers_reg[10][13]
Unmapped point (unreachable: all paths to outputs are blocked):
  (G)   773   DLAT /u_reg_file/registers_reg[10][12]
Unmapped point (unreachable: all paths to outputs are blocked):
  (G)   774   DLAT /u_reg_file/registers_reg[10][11]
Unmapped point (unreachable: all paths to outputs are blocked):
  (G)   775   DLAT /u_reg_file/registers_reg[10][10]
Unmapped point (unreachable: all paths to outputs are blocked):
  (G)   776   DLAT /u_reg_file/registers_reg[10][9]
Unmapped point (unreachable: all paths to outputs are blocked):
  (G)   777   DLAT /u_reg_file/registers_reg[10][8]
Unmapped point (unreachable: all paths to outputs are blocked):
  (G)   778   DLAT /u_reg_file/registers_reg[10][7]
Unmapped point (unreachable: all paths to outputs are blocked):
  (G)   779   DLAT /u_reg_file/registers_reg[10][6]
Unmapped point (unreachable: all paths to outputs are blocked):
  (G)   780   DLAT /u_reg_file/registers_reg[10][5]
Unmapped point (unreachable: all paths to outputs are blocked):
  (G)   781   DLAT /u_reg_file/registers_reg[10][4]
Unmapped point (unreachable: all paths to outputs are blocked):
  (G)   782   DLAT /u_reg_file/registers_reg[10][3]
Unmapped point (unreachable: all paths to outputs are blocked):
  (G)   783   DLAT /u_reg_file/registers_reg[10][2]
Unmapped point (unreachable: all paths to outputs are blocked):
  (G)   784   DLAT /u_reg_file/registers_reg[10][1]
Unmapped point (unreachable: all paths to outputs are blocked):
  (G)   785   DLAT /u_reg_file/registers_reg[10][0]
Unmapped point (not-mapped):
  (G)   786   DLAT /u_reg_file/registers_reg[11][31]
Unmapped point (not-mapped):
  (G)   787   DLAT /u_reg_file/registers_reg[11][30]
Unmapped point (not-mapped):
  (G)   788   DLAT /u_reg_file/registers_reg[11][29]
Unmapped point (not-mapped):
  (G)   789   DLAT /u_reg_file/registers_reg[11][28]
Unmapped point (not-mapped):
  (G)   790   DLAT /u_reg_file/registers_reg[11][27]
Unmapped point (not-mapped):
  (G)   791   DLAT /u_reg_file/registers_reg[11][26]
Unmapped point (not-mapped):
  (G)   792   DLAT /u_reg_file/registers_reg[11][25]
Unmapped point (not-mapped):
  (G)   793   DLAT /u_reg_file/registers_reg[11][24]
Unmapped point (not-mapped):
  (G)   794   DLAT /u_reg_file/registers_reg[11][23]
Unmapped point (not-mapped):
  (G)   795   DLAT /u_reg_file/registers_reg[11][22]
Unmapped point (not-mapped):
  (G)   796   DLAT /u_reg_file/registers_reg[11][21]
Unmapped point (not-mapped):
  (G)   797   DLAT /u_reg_file/registers_reg[11][20]
Unmapped point (not-mapped):
  (G)   798   DLAT /u_reg_file/registers_reg[11][19]
Unmapped point (not-mapped):
  (G)   799   DLAT /u_reg_file/registers_reg[11][18]
Unmapped point (not-mapped):
  (G)   800   DLAT /u_reg_file/registers_reg[11][17]
Unmapped point (not-mapped):
  (G)   801   DLAT /u_reg_file/registers_reg[11][16]
Unmapped point (not-mapped):
  (G)   802   DLAT /u_reg_file/registers_reg[11][15]
Unmapped point (not-mapped):
  (G)   803   DLAT /u_reg_file/registers_reg[11][14]
Unmapped point (not-mapped):
  (G)   804   DLAT /u_reg_file/registers_reg[11][13]
Unmapped point (not-mapped):
  (G)   805   DLAT /u_reg_file/registers_reg[11][12]
Unmapped point (not-mapped):
  (G)   806   DLAT /u_reg_file/registers_reg[11][11]
Unmapped point (not-mapped):
  (G)   807   DLAT /u_reg_file/registers_reg[11][10]
Unmapped point (not-mapped):
  (G)   808   DLAT /u_reg_file/registers_reg[11][9]
Unmapped point (not-mapped):
  (G)   809   DLAT /u_reg_file/registers_reg[11][8]
Unmapped point (not-mapped):
  (G)   810   DLAT /u_reg_file/registers_reg[11][7]
Unmapped point (not-mapped):
  (G)   811   DLAT /u_reg_file/registers_reg[11][6]
Unmapped point (not-mapped):
  (G)   812   DLAT /u_reg_file/registers_reg[11][5]
Unmapped point (not-mapped):
  (G)   813   DLAT /u_reg_file/registers_reg[11][4]
Unmapped point (not-mapped):
  (G)   814   DLAT /u_reg_file/registers_reg[11][3]
Unmapped point (not-mapped):
  (G)   815   DLAT /u_reg_file/registers_reg[11][2]
Unmapped point (not-mapped):
  (G)   816   DLAT /u_reg_file/registers_reg[11][1]
Unmapped point (not-mapped):
  (G)   817   DLAT /u_reg_file/registers_reg[11][0]
Unmapped point (not-mapped):
  (G)   818   DLAT /u_reg_file/registers_reg[12][31]
Unmapped point (not-mapped):
  (G)   819   DLAT /u_reg_file/registers_reg[12][30]
Unmapped point (not-mapped):
  (G)   820   DLAT /u_reg_file/registers_reg[12][29]
Unmapped point (not-mapped):
  (G)   821   DLAT /u_reg_file/registers_reg[12][28]
Unmapped point (not-mapped):
  (G)   822   DLAT /u_reg_file/registers_reg[12][27]
Unmapped point (not-mapped):
  (G)   823   DLAT /u_reg_file/registers_reg[12][26]
Unmapped point (not-mapped):
  (G)   824   DLAT /u_reg_file/registers_reg[12][25]
Unmapped point (not-mapped):
  (G)   825   DLAT /u_reg_file/registers_reg[12][24]
Unmapped point (not-mapped):
  (G)   826   DLAT /u_reg_file/registers_reg[12][23]
Unmapped point (not-mapped):
  (G)   827   DLAT /u_reg_file/registers_reg[12][22]
Unmapped point (not-mapped):
  (G)   828   DLAT /u_reg_file/registers_reg[12][21]
Unmapped point (not-mapped):
  (G)   829   DLAT /u_reg_file/registers_reg[12][20]
Unmapped point (not-mapped):
  (G)   830   DLAT /u_reg_file/registers_reg[12][19]
Unmapped point (not-mapped):
  (G)   831   DLAT /u_reg_file/registers_reg[12][18]
Unmapped point (not-mapped):
  (G)   832   DLAT /u_reg_file/registers_reg[12][17]
Unmapped point (not-mapped):
  (G)   833   DLAT /u_reg_file/registers_reg[12][16]
Unmapped point (not-mapped):
  (G)   834   DLAT /u_reg_file/registers_reg[12][15]
Unmapped point (not-mapped):
  (G)   835   DLAT /u_reg_file/registers_reg[12][14]
Unmapped point (not-mapped):
  (G)   836   DLAT /u_reg_file/registers_reg[12][13]
Unmapped point (not-mapped):
  (G)   837   DLAT /u_reg_file/registers_reg[12][12]
Unmapped point (not-mapped):
  (G)   838   DLAT /u_reg_file/registers_reg[12][11]
Unmapped point (not-mapped):
  (G)   839   DLAT /u_reg_file/registers_reg[12][10]
Unmapped point (not-mapped):
  (G)   840   DLAT /u_reg_file/registers_reg[12][9]
Unmapped point (not-mapped):
  (G)   841   DLAT /u_reg_file/registers_reg[12][8]
Unmapped point (not-mapped):
  (G)   842   DLAT /u_reg_file/registers_reg[12][7]
Unmapped point (not-mapped):
  (G)   843   DLAT /u_reg_file/registers_reg[12][6]
Unmapped point (not-mapped):
  (G)   844   DLAT /u_reg_file/registers_reg[12][5]
Unmapped point (not-mapped):
  (G)   845   DLAT /u_reg_file/registers_reg[12][4]
Unmapped point (not-mapped):
  (G)   846   DLAT /u_reg_file/registers_reg[12][3]
Unmapped point (not-mapped):
  (G)   847   DLAT /u_reg_file/registers_reg[12][2]
Unmapped point (not-mapped):
  (G)   848   DLAT /u_reg_file/registers_reg[12][1]
Unmapped point (not-mapped):
  (G)   849   DLAT /u_reg_file/registers_reg[12][0]
Unmapped point (unreachable: all paths to outputs are blocked):
  (G)   850   DLAT /u_reg_file/registers_reg[13][31]
Unmapped point (unreachable: all paths to outputs are blocked):
  (G)   851   DLAT /u_reg_file/registers_reg[13][30]
Unmapped point (unreachable: all paths to outputs are blocked):
  (G)   852   DLAT /u_reg_file/registers_reg[13][29]
Unmapped point (unreachable: all paths to outputs are blocked):
  (G)   853   DLAT /u_reg_file/registers_reg[13][28]
Unmapped point (unreachable: all paths to outputs are blocked):
  (G)   854   DLAT /u_reg_file/registers_reg[13][27]
Unmapped point (unreachable: all paths to outputs are blocked):
  (G)   855   DLAT /u_reg_file/registers_reg[13][26]
Unmapped point (unreachable: all paths to outputs are blocked):
  (G)   856   DLAT /u_reg_file/registers_reg[13][25]
Unmapped point (unreachable: all paths to outputs are blocked):
  (G)   857   DLAT /u_reg_file/registers_reg[13][24]
Unmapped point (unreachable: all paths to outputs are blocked):
  (G)   858   DLAT /u_reg_file/registers_reg[13][23]
Unmapped point (unreachable: all paths to outputs are blocked):
  (G)   859   DLAT /u_reg_file/registers_reg[13][22]
Unmapped point (unreachable: all paths to outputs are blocked):
  (G)   860   DLAT /u_reg_file/registers_reg[13][21]
Unmapped point (unreachable: all paths to outputs are blocked):
  (G)   861   DLAT /u_reg_file/registers_reg[13][20]
Unmapped point (unreachable: all paths to outputs are blocked):
  (G)   862   DLAT /u_reg_file/registers_reg[13][19]
Unmapped point (unreachable: all paths to outputs are blocked):
  (G)   863   DLAT /u_reg_file/registers_reg[13][18]
Unmapped point (unreachable: all paths to outputs are blocked):
  (G)   864   DLAT /u_reg_file/registers_reg[13][17]
Unmapped point (unreachable: all paths to outputs are blocked):
  (G)   865   DLAT /u_reg_file/registers_reg[13][16]
Unmapped point (unreachable: all paths to outputs are blocked):
  (G)   866   DLAT /u_reg_file/registers_reg[13][15]
Unmapped point (unreachable: all paths to outputs are blocked):
  (G)   867   DLAT /u_reg_file/registers_reg[13][14]
Unmapped point (unreachable: all paths to outputs are blocked):
  (G)   868   DLAT /u_reg_file/registers_reg[13][13]
Unmapped point (unreachable: all paths to outputs are blocked):
  (G)   869   DLAT /u_reg_file/registers_reg[13][12]
Unmapped point (unreachable: all paths to outputs are blocked):
  (G)   870   DLAT /u_reg_file/registers_reg[13][11]
Unmapped point (unreachable: all paths to outputs are blocked):
  (G)   871   DLAT /u_reg_file/registers_reg[13][10]
Unmapped point (unreachable: all paths to outputs are blocked):
  (G)   872   DLAT /u_reg_file/registers_reg[13][9]
Unmapped point (unreachable: all paths to outputs are blocked):
  (G)   873   DLAT /u_reg_file/registers_reg[13][8]
Unmapped point (unreachable: all paths to outputs are blocked):
  (G)   874   DLAT /u_reg_file/registers_reg[13][7]
Unmapped point (unreachable: all paths to outputs are blocked):
  (G)   875   DLAT /u_reg_file/registers_reg[13][6]
Unmapped point (unreachable: all paths to outputs are blocked):
  (G)   876   DLAT /u_reg_file/registers_reg[13][5]
Unmapped point (unreachable: all paths to outputs are blocked):
  (G)   877   DLAT /u_reg_file/registers_reg[13][4]
Unmapped point (unreachable: all paths to outputs are blocked):
  (G)   878   DLAT /u_reg_file/registers_reg[13][3]
Unmapped point (unreachable: all paths to outputs are blocked):
  (G)   879   DLAT /u_reg_file/registers_reg[13][2]
Unmapped point (unreachable: all paths to outputs are blocked):
  (G)   880   DLAT /u_reg_file/registers_reg[13][1]
Unmapped point (unreachable: all paths to outputs are blocked):
  (G)   881   DLAT /u_reg_file/registers_reg[13][0]
Unmapped point (unreachable: all paths to outputs are blocked):
  (G)   882   DLAT /u_reg_file/registers_reg[14][31]
Unmapped point (unreachable: all paths to outputs are blocked):
  (G)   883   DLAT /u_reg_file/registers_reg[14][30]
Unmapped point (unreachable: all paths to outputs are blocked):
  (G)   884   DLAT /u_reg_file/registers_reg[14][29]
Unmapped point (unreachable: all paths to outputs are blocked):
  (G)   885   DLAT /u_reg_file/registers_reg[14][28]
Unmapped point (unreachable: all paths to outputs are blocked):
  (G)   886   DLAT /u_reg_file/registers_reg[14][27]
Unmapped point (unreachable: all paths to outputs are blocked):
  (G)   887   DLAT /u_reg_file/registers_reg[14][26]
Unmapped point (unreachable: all paths to outputs are blocked):
  (G)   888   DLAT /u_reg_file/registers_reg[14][25]
Unmapped point (unreachable: all paths to outputs are blocked):
  (G)   889   DLAT /u_reg_file/registers_reg[14][24]
Unmapped point (unreachable: all paths to outputs are blocked):
  (G)   890   DLAT /u_reg_file/registers_reg[14][23]
Unmapped point (unreachable: all paths to outputs are blocked):
  (G)   891   DLAT /u_reg_file/registers_reg[14][22]
Unmapped point (unreachable: all paths to outputs are blocked):
  (G)   892   DLAT /u_reg_file/registers_reg[14][21]
Unmapped point (unreachable: all paths to outputs are blocked):
  (G)   893   DLAT /u_reg_file/registers_reg[14][20]
Unmapped point (unreachable: all paths to outputs are blocked):
  (G)   894   DLAT /u_reg_file/registers_reg[14][19]
Unmapped point (unreachable: all paths to outputs are blocked):
  (G)   895   DLAT /u_reg_file/registers_reg[14][18]
Unmapped point (unreachable: all paths to outputs are blocked):
  (G)   896   DLAT /u_reg_file/registers_reg[14][17]
Unmapped point (unreachable: all paths to outputs are blocked):
  (G)   897   DLAT /u_reg_file/registers_reg[14][16]
Unmapped point (unreachable: all paths to outputs are blocked):
  (G)   898   DLAT /u_reg_file/registers_reg[14][15]
Unmapped point (unreachable: all paths to outputs are blocked):
  (G)   899   DLAT /u_reg_file/registers_reg[14][14]
Unmapped point (unreachable: all paths to outputs are blocked):
  (G)   900   DLAT /u_reg_file/registers_reg[14][13]
Unmapped point (unreachable: all paths to outputs are blocked):
  (G)   901   DLAT /u_reg_file/registers_reg[14][12]
Unmapped point (unreachable: all paths to outputs are blocked):
  (G)   902   DLAT /u_reg_file/registers_reg[14][11]
Unmapped point (unreachable: all paths to outputs are blocked):
  (G)   903   DLAT /u_reg_file/registers_reg[14][10]
Unmapped point (unreachable: all paths to outputs are blocked):
  (G)   904   DLAT /u_reg_file/registers_reg[14][9]
Unmapped point (unreachable: all paths to outputs are blocked):
  (G)   905   DLAT /u_reg_file/registers_reg[14][8]
Unmapped point (unreachable: all paths to outputs are blocked):
  (G)   906   DLAT /u_reg_file/registers_reg[14][7]
Unmapped point (unreachable: all paths to outputs are blocked):
  (G)   907   DLAT /u_reg_file/registers_reg[14][6]
Unmapped point (unreachable: all paths to outputs are blocked):
  (G)   908   DLAT /u_reg_file/registers_reg[14][5]
Unmapped point (unreachable: all paths to outputs are blocked):
  (G)   909   DLAT /u_reg_file/registers_reg[14][4]
Unmapped point (unreachable: all paths to outputs are blocked):
  (G)   910   DLAT /u_reg_file/registers_reg[14][3]
Unmapped point (unreachable: all paths to outputs are blocked):
  (G)   911   DLAT /u_reg_file/registers_reg[14][2]
Unmapped point (unreachable: all paths to outputs are blocked):
  (G)   912   DLAT /u_reg_file/registers_reg[14][1]
Unmapped point (unreachable: all paths to outputs are blocked):
  (G)   913   DLAT /u_reg_file/registers_reg[14][0]
Unmapped point (unreachable: all paths to outputs are blocked):
  (G)   914   DLAT /u_reg_file/registers_reg[15][31]
Unmapped point (unreachable: all paths to outputs are blocked):
  (G)   915   DLAT /u_reg_file/registers_reg[15][30]
Unmapped point (unreachable: all paths to outputs are blocked):
  (G)   916   DLAT /u_reg_file/registers_reg[15][29]
Unmapped point (unreachable: all paths to outputs are blocked):
  (G)   917   DLAT /u_reg_file/registers_reg[15][28]
Unmapped point (unreachable: all paths to outputs are blocked):
  (G)   918   DLAT /u_reg_file/registers_reg[15][27]
Unmapped point (unreachable: all paths to outputs are blocked):
  (G)   919   DLAT /u_reg_file/registers_reg[15][26]
Unmapped point (unreachable: all paths to outputs are blocked):
  (G)   920   DLAT /u_reg_file/registers_reg[15][25]
Unmapped point (unreachable: all paths to outputs are blocked):
  (G)   921   DLAT /u_reg_file/registers_reg[15][24]
Unmapped point (unreachable: all paths to outputs are blocked):
  (G)   922   DLAT /u_reg_file/registers_reg[15][23]
Unmapped point (unreachable: all paths to outputs are blocked):
  (G)   923   DLAT /u_reg_file/registers_reg[15][22]
Unmapped point (unreachable: all paths to outputs are blocked):
  (G)   924   DLAT /u_reg_file/registers_reg[15][21]
Unmapped point (unreachable: all paths to outputs are blocked):
  (G)   925   DLAT /u_reg_file/registers_reg[15][20]
Unmapped point (unreachable: all paths to outputs are blocked):
  (G)   926   DLAT /u_reg_file/registers_reg[15][19]
Unmapped point (unreachable: all paths to outputs are blocked):
  (G)   927   DLAT /u_reg_file/registers_reg[15][18]
Unmapped point (unreachable: all paths to outputs are blocked):
  (G)   928   DLAT /u_reg_file/registers_reg[15][17]
Unmapped point (unreachable: all paths to outputs are blocked):
  (G)   929   DLAT /u_reg_file/registers_reg[15][16]
Unmapped point (unreachable: all paths to outputs are blocked):
  (G)   930   DLAT /u_reg_file/registers_reg[15][15]
Unmapped point (unreachable: all paths to outputs are blocked):
  (G)   931   DLAT /u_reg_file/registers_reg[15][14]
Unmapped point (unreachable: all paths to outputs are blocked):
  (G)   932   DLAT /u_reg_file/registers_reg[15][13]
Unmapped point (unreachable: all paths to outputs are blocked):
  (G)   933   DLAT /u_reg_file/registers_reg[15][12]
Unmapped point (unreachable: all paths to outputs are blocked):
  (G)   934   DLAT /u_reg_file/registers_reg[15][11]
Unmapped point (unreachable: all paths to outputs are blocked):
  (G)   935   DLAT /u_reg_file/registers_reg[15][10]
Unmapped point (unreachable: all paths to outputs are blocked):
  (G)   936   DLAT /u_reg_file/registers_reg[15][9]
Unmapped point (unreachable: all paths to outputs are blocked):
  (G)   937   DLAT /u_reg_file/registers_reg[15][8]
Unmapped point (unreachable: all paths to outputs are blocked):
  (G)   938   DLAT /u_reg_file/registers_reg[15][7]
Unmapped point (unreachable: all paths to outputs are blocked):
  (G)   939   DLAT /u_reg_file/registers_reg[15][6]
Unmapped point (unreachable: all paths to outputs are blocked):
  (G)   940   DLAT /u_reg_file/registers_reg[15][5]
Unmapped point (unreachable: all paths to outputs are blocked):
  (G)   941   DLAT /u_reg_file/registers_reg[15][4]
Unmapped point (unreachable: all paths to outputs are blocked):
  (G)   942   DLAT /u_reg_file/registers_reg[15][3]
Unmapped point (unreachable: all paths to outputs are blocked):
  (G)   943   DLAT /u_reg_file/registers_reg[15][2]
Unmapped point (unreachable: all paths to outputs are blocked):
  (G)   944   DLAT /u_reg_file/registers_reg[15][1]
Unmapped point (unreachable: all paths to outputs are blocked):
  (G)   945   DLAT /u_reg_file/registers_reg[15][0]
Unmapped point (unreachable: all paths to outputs are blocked):
  (G)   946   DLAT /u_reg_file/registers_reg[16][31]
Unmapped point (unreachable: all paths to outputs are blocked):
  (G)   947   DLAT /u_reg_file/registers_reg[16][30]
Unmapped point (unreachable: all paths to outputs are blocked):
  (G)   948   DLAT /u_reg_file/registers_reg[16][29]
Unmapped point (unreachable: all paths to outputs are blocked):
  (G)   949   DLAT /u_reg_file/registers_reg[16][28]
Unmapped point (unreachable: all paths to outputs are blocked):
  (G)   950   DLAT /u_reg_file/registers_reg[16][27]
Unmapped point (unreachable: all paths to outputs are blocked):
  (G)   951   DLAT /u_reg_file/registers_reg[16][26]
Unmapped point (unreachable: all paths to outputs are blocked):
  (G)   952   DLAT /u_reg_file/registers_reg[16][25]
Unmapped point (unreachable: all paths to outputs are blocked):
  (G)   953   DLAT /u_reg_file/registers_reg[16][24]
Unmapped point (unreachable: all paths to outputs are blocked):
  (G)   954   DLAT /u_reg_file/registers_reg[16][23]
Unmapped point (unreachable: all paths to outputs are blocked):
  (G)   955   DLAT /u_reg_file/registers_reg[16][22]
Unmapped point (unreachable: all paths to outputs are blocked):
  (G)   956   DLAT /u_reg_file/registers_reg[16][21]
Unmapped point (unreachable: all paths to outputs are blocked):
  (G)   957   DLAT /u_reg_file/registers_reg[16][20]
Unmapped point (unreachable: all paths to outputs are blocked):
  (G)   958   DLAT /u_reg_file/registers_reg[16][19]
Unmapped point (unreachable: all paths to outputs are blocked):
  (G)   959   DLAT /u_reg_file/registers_reg[16][18]
Unmapped point (unreachable: all paths to outputs are blocked):
  (G)   960   DLAT /u_reg_file/registers_reg[16][17]
Unmapped point (unreachable: all paths to outputs are blocked):
  (G)   961   DLAT /u_reg_file/registers_reg[16][16]
Unmapped point (unreachable: all paths to outputs are blocked):
  (G)   962   DLAT /u_reg_file/registers_reg[16][15]
Unmapped point (unreachable: all paths to outputs are blocked):
  (G)   963   DLAT /u_reg_file/registers_reg[16][14]
Unmapped point (unreachable: all paths to outputs are blocked):
  (G)   964   DLAT /u_reg_file/registers_reg[16][13]
Unmapped point (unreachable: all paths to outputs are blocked):
  (G)   965   DLAT /u_reg_file/registers_reg[16][12]
Unmapped point (unreachable: all paths to outputs are blocked):
  (G)   966   DLAT /u_reg_file/registers_reg[16][11]
Unmapped point (unreachable: all paths to outputs are blocked):
  (G)   967   DLAT /u_reg_file/registers_reg[16][10]
Unmapped point (unreachable: all paths to outputs are blocked):
  (G)   968   DLAT /u_reg_file/registers_reg[16][9]
Unmapped point (unreachable: all paths to outputs are blocked):
  (G)   969   DLAT /u_reg_file/registers_reg[16][8]
Unmapped point (unreachable: all paths to outputs are blocked):
  (G)   970   DLAT /u_reg_file/registers_reg[16][7]
Unmapped point (unreachable: all paths to outputs are blocked):
  (G)   971   DLAT /u_reg_file/registers_reg[16][6]
Unmapped point (unreachable: all paths to outputs are blocked):
  (G)   972   DLAT /u_reg_file/registers_reg[16][5]
Unmapped point (unreachable: all paths to outputs are blocked):
  (G)   973   DLAT /u_reg_file/registers_reg[16][4]
Unmapped point (unreachable: all paths to outputs are blocked):
  (G)   974   DLAT /u_reg_file/registers_reg[16][3]
Unmapped point (unreachable: all paths to outputs are blocked):
  (G)   975   DLAT /u_reg_file/registers_reg[16][2]
Unmapped point (unreachable: all paths to outputs are blocked):
  (G)   976   DLAT /u_reg_file/registers_reg[16][1]
Unmapped point (unreachable: all paths to outputs are blocked):
  (G)   977   DLAT /u_reg_file/registers_reg[16][0]
Unmapped point (unreachable: all paths to outputs are blocked):
  (G)   978   DLAT /u_reg_file/registers_reg[17][31]
Unmapped point (unreachable: all paths to outputs are blocked):
  (G)   979   DLAT /u_reg_file/registers_reg[17][30]
Unmapped point (unreachable: all paths to outputs are blocked):
  (G)   980   DLAT /u_reg_file/registers_reg[17][29]
Unmapped point (unreachable: all paths to outputs are blocked):
  (G)   981   DLAT /u_reg_file/registers_reg[17][28]
Unmapped point (unreachable: all paths to outputs are blocked):
  (G)   982   DLAT /u_reg_file/registers_reg[17][27]
Unmapped point (unreachable: all paths to outputs are blocked):
  (G)   983   DLAT /u_reg_file/registers_reg[17][26]
Unmapped point (unreachable: all paths to outputs are blocked):
  (G)   984   DLAT /u_reg_file/registers_reg[17][25]
Unmapped point (unreachable: all paths to outputs are blocked):
  (G)   985   DLAT /u_reg_file/registers_reg[17][24]
Unmapped point (unreachable: all paths to outputs are blocked):
  (G)   986   DLAT /u_reg_file/registers_reg[17][23]
Unmapped point (unreachable: all paths to outputs are blocked):
  (G)   987   DLAT /u_reg_file/registers_reg[17][22]
Unmapped point (unreachable: all paths to outputs are blocked):
  (G)   988   DLAT /u_reg_file/registers_reg[17][21]
Unmapped point (unreachable: all paths to outputs are blocked):
  (G)   989   DLAT /u_reg_file/registers_reg[17][20]
Unmapped point (unreachable: all paths to outputs are blocked):
  (G)   990   DLAT /u_reg_file/registers_reg[17][19]
Unmapped point (unreachable: all paths to outputs are blocked):
  (G)   991   DLAT /u_reg_file/registers_reg[17][18]
Unmapped point (unreachable: all paths to outputs are blocked):
  (G)   992   DLAT /u_reg_file/registers_reg[17][17]
Unmapped point (unreachable: all paths to outputs are blocked):
  (G)   993   DLAT /u_reg_file/registers_reg[17][16]
Unmapped point (unreachable: all paths to outputs are blocked):
  (G)   994   DLAT /u_reg_file/registers_reg[17][15]
Unmapped point (unreachable: all paths to outputs are blocked):
  (G)   995   DLAT /u_reg_file/registers_reg[17][14]
Unmapped point (unreachable: all paths to outputs are blocked):
  (G)   996   DLAT /u_reg_file/registers_reg[17][13]
Unmapped point (unreachable: all paths to outputs are blocked):
  (G)   997   DLAT /u_reg_file/registers_reg[17][12]
Unmapped point (unreachable: all paths to outputs are blocked):
  (G)   998   DLAT /u_reg_file/registers_reg[17][11]
Unmapped point (unreachable: all paths to outputs are blocked):
  (G)   999   DLAT /u_reg_file/registers_reg[17][10]
Unmapped point (unreachable: all paths to outputs are blocked):
  (G)   1000  DLAT /u_reg_file/registers_reg[17][9]
Unmapped point (unreachable: all paths to outputs are blocked):
  (G)   1001  DLAT /u_reg_file/registers_reg[17][8]
Unmapped point (unreachable: all paths to outputs are blocked):
  (G)   1002  DLAT /u_reg_file/registers_reg[17][7]
Unmapped point (unreachable: all paths to outputs are blocked):
  (G)   1003  DLAT /u_reg_file/registers_reg[17][6]
Unmapped point (unreachable: all paths to outputs are blocked):
  (G)   1004  DLAT /u_reg_file/registers_reg[17][5]
Unmapped point (unreachable: all paths to outputs are blocked):
  (G)   1005  DLAT /u_reg_file/registers_reg[17][4]
Unmapped point (unreachable: all paths to outputs are blocked):
  (G)   1006  DLAT /u_reg_file/registers_reg[17][3]
Unmapped point (unreachable: all paths to outputs are blocked):
  (G)   1007  DLAT /u_reg_file/registers_reg[17][2]
Unmapped point (unreachable: all paths to outputs are blocked):
  (G)   1008  DLAT /u_reg_file/registers_reg[17][1]
Unmapped point (unreachable: all paths to outputs are blocked):
  (G)   1009  DLAT /u_reg_file/registers_reg[17][0]
Unmapped point (unreachable: all paths to outputs are blocked):
  (G)   1010  DLAT /u_reg_file/registers_reg[18][31]
Unmapped point (unreachable: all paths to outputs are blocked):
  (G)   1011  DLAT /u_reg_file/registers_reg[18][30]
Unmapped point (unreachable: all paths to outputs are blocked):
  (G)   1012  DLAT /u_reg_file/registers_reg[18][29]
Unmapped point (unreachable: all paths to outputs are blocked):
  (G)   1013  DLAT /u_reg_file/registers_reg[18][28]
Unmapped point (unreachable: all paths to outputs are blocked):
  (G)   1014  DLAT /u_reg_file/registers_reg[18][27]
Unmapped point (unreachable: all paths to outputs are blocked):
  (G)   1015  DLAT /u_reg_file/registers_reg[18][26]
Unmapped point (unreachable: all paths to outputs are blocked):
  (G)   1016  DLAT /u_reg_file/registers_reg[18][25]
Unmapped point (unreachable: all paths to outputs are blocked):
  (G)   1017  DLAT /u_reg_file/registers_reg[18][24]
Unmapped point (unreachable: all paths to outputs are blocked):
  (G)   1018  DLAT /u_reg_file/registers_reg[18][23]
Unmapped point (unreachable: all paths to outputs are blocked):
  (G)   1019  DLAT /u_reg_file/registers_reg[18][22]
Unmapped point (unreachable: all paths to outputs are blocked):
  (G)   1020  DLAT /u_reg_file/registers_reg[18][21]
Unmapped point (unreachable: all paths to outputs are blocked):
  (G)   1021  DLAT /u_reg_file/registers_reg[18][20]
Unmapped point (unreachable: all paths to outputs are blocked):
  (G)   1022  DLAT /u_reg_file/registers_reg[18][19]
Unmapped point (unreachable: all paths to outputs are blocked):
  (G)   1023  DLAT /u_reg_file/registers_reg[18][18]
Unmapped point (unreachable: all paths to outputs are blocked):
  (G)   1024  DLAT /u_reg_file/registers_reg[18][17]
Unmapped point (unreachable: all paths to outputs are blocked):
  (G)   1025  DLAT /u_reg_file/registers_reg[18][16]
Unmapped point (unreachable: all paths to outputs are blocked):
  (G)   1026  DLAT /u_reg_file/registers_reg[18][15]
Unmapped point (unreachable: all paths to outputs are blocked):
  (G)   1027  DLAT /u_reg_file/registers_reg[18][14]
Unmapped point (unreachable: all paths to outputs are blocked):
  (G)   1028  DLAT /u_reg_file/registers_reg[18][13]
Unmapped point (unreachable: all paths to outputs are blocked):
  (G)   1029  DLAT /u_reg_file/registers_reg[18][12]
Unmapped point (unreachable: all paths to outputs are blocked):
  (G)   1030  DLAT /u_reg_file/registers_reg[18][11]
Unmapped point (unreachable: all paths to outputs are blocked):
  (G)   1031  DLAT /u_reg_file/registers_reg[18][10]
Unmapped point (unreachable: all paths to outputs are blocked):
  (G)   1032  DLAT /u_reg_file/registers_reg[18][9]
Unmapped point (unreachable: all paths to outputs are blocked):
  (G)   1033  DLAT /u_reg_file/registers_reg[18][8]
Unmapped point (unreachable: all paths to outputs are blocked):
  (G)   1034  DLAT /u_reg_file/registers_reg[18][7]
Unmapped point (unreachable: all paths to outputs are blocked):
  (G)   1035  DLAT /u_reg_file/registers_reg[18][6]
Unmapped point (unreachable: all paths to outputs are blocked):
  (G)   1036  DLAT /u_reg_file/registers_reg[18][5]
Unmapped point (unreachable: all paths to outputs are blocked):
  (G)   1037  DLAT /u_reg_file/registers_reg[18][4]
Unmapped point (unreachable: all paths to outputs are blocked):
  (G)   1038  DLAT /u_reg_file/registers_reg[18][3]
Unmapped point (unreachable: all paths to outputs are blocked):
  (G)   1039  DLAT /u_reg_file/registers_reg[18][2]
Unmapped point (unreachable: all paths to outputs are blocked):
  (G)   1040  DLAT /u_reg_file/registers_reg[18][1]
Unmapped point (unreachable: all paths to outputs are blocked):
  (G)   1041  DLAT /u_reg_file/registers_reg[18][0]
Unmapped point (unreachable: all paths to outputs are blocked):
  (G)   1042  DLAT /u_reg_file/registers_reg[19][31]
Unmapped point (unreachable: all paths to outputs are blocked):
  (G)   1043  DLAT /u_reg_file/registers_reg[19][30]
Unmapped point (unreachable: all paths to outputs are blocked):
  (G)   1044  DLAT /u_reg_file/registers_reg[19][29]
Unmapped point (unreachable: all paths to outputs are blocked):
  (G)   1045  DLAT /u_reg_file/registers_reg[19][28]
Unmapped point (unreachable: all paths to outputs are blocked):
  (G)   1046  DLAT /u_reg_file/registers_reg[19][27]
Unmapped point (unreachable: all paths to outputs are blocked):
  (G)   1047  DLAT /u_reg_file/registers_reg[19][26]
Unmapped point (unreachable: all paths to outputs are blocked):
  (G)   1048  DLAT /u_reg_file/registers_reg[19][25]
Unmapped point (unreachable: all paths to outputs are blocked):
  (G)   1049  DLAT /u_reg_file/registers_reg[19][24]
Unmapped point (unreachable: all paths to outputs are blocked):
  (G)   1050  DLAT /u_reg_file/registers_reg[19][23]
Unmapped point (unreachable: all paths to outputs are blocked):
  (G)   1051  DLAT /u_reg_file/registers_reg[19][22]
Unmapped point (unreachable: all paths to outputs are blocked):
  (G)   1052  DLAT /u_reg_file/registers_reg[19][21]
Unmapped point (unreachable: all paths to outputs are blocked):
  (G)   1053  DLAT /u_reg_file/registers_reg[19][20]
Unmapped point (unreachable: all paths to outputs are blocked):
  (G)   1054  DLAT /u_reg_file/registers_reg[19][19]
Unmapped point (unreachable: all paths to outputs are blocked):
  (G)   1055  DLAT /u_reg_file/registers_reg[19][18]
Unmapped point (unreachable: all paths to outputs are blocked):
  (G)   1056  DLAT /u_reg_file/registers_reg[19][17]
Unmapped point (unreachable: all paths to outputs are blocked):
  (G)   1057  DLAT /u_reg_file/registers_reg[19][16]
Unmapped point (unreachable: all paths to outputs are blocked):
  (G)   1058  DLAT /u_reg_file/registers_reg[19][15]
Unmapped point (unreachable: all paths to outputs are blocked):
  (G)   1059  DLAT /u_reg_file/registers_reg[19][14]
Unmapped point (unreachable: all paths to outputs are blocked):
  (G)   1060  DLAT /u_reg_file/registers_reg[19][13]
Unmapped point (unreachable: all paths to outputs are blocked):
  (G)   1061  DLAT /u_reg_file/registers_reg[19][12]
Unmapped point (unreachable: all paths to outputs are blocked):
  (G)   1062  DLAT /u_reg_file/registers_reg[19][11]
Unmapped point (unreachable: all paths to outputs are blocked):
  (G)   1063  DLAT /u_reg_file/registers_reg[19][10]
Unmapped point (unreachable: all paths to outputs are blocked):
  (G)   1064  DLAT /u_reg_file/registers_reg[19][9]
Unmapped point (unreachable: all paths to outputs are blocked):
  (G)   1065  DLAT /u_reg_file/registers_reg[19][8]
Unmapped point (unreachable: all paths to outputs are blocked):
  (G)   1066  DLAT /u_reg_file/registers_reg[19][7]
Unmapped point (unreachable: all paths to outputs are blocked):
  (G)   1067  DLAT /u_reg_file/registers_reg[19][6]
Unmapped point (unreachable: all paths to outputs are blocked):
  (G)   1068  DLAT /u_reg_file/registers_reg[19][5]
Unmapped point (unreachable: all paths to outputs are blocked):
  (G)   1069  DLAT /u_reg_file/registers_reg[19][4]
Unmapped point (unreachable: all paths to outputs are blocked):
  (G)   1070  DLAT /u_reg_file/registers_reg[19][3]
Unmapped point (unreachable: all paths to outputs are blocked):
  (G)   1071  DLAT /u_reg_file/registers_reg[19][2]
Unmapped point (unreachable: all paths to outputs are blocked):
  (G)   1072  DLAT /u_reg_file/registers_reg[19][1]
Unmapped point (unreachable: all paths to outputs are blocked):
  (G)   1073  DLAT /u_reg_file/registers_reg[19][0]
Unmapped point (unreachable: all paths to outputs are blocked):
  (G)   1074  DLAT /u_reg_file/registers_reg[20][31]
Unmapped point (unreachable: all paths to outputs are blocked):
  (G)   1075  DLAT /u_reg_file/registers_reg[20][30]
Unmapped point (unreachable: all paths to outputs are blocked):
  (G)   1076  DLAT /u_reg_file/registers_reg[20][29]
Unmapped point (unreachable: all paths to outputs are blocked):
  (G)   1077  DLAT /u_reg_file/registers_reg[20][28]
Unmapped point (unreachable: all paths to outputs are blocked):
  (G)   1078  DLAT /u_reg_file/registers_reg[20][27]
Unmapped point (unreachable: all paths to outputs are blocked):
  (G)   1079  DLAT /u_reg_file/registers_reg[20][26]
Unmapped point (unreachable: all paths to outputs are blocked):
  (G)   1080  DLAT /u_reg_file/registers_reg[20][25]
Unmapped point (unreachable: all paths to outputs are blocked):
  (G)   1081  DLAT /u_reg_file/registers_reg[20][24]
Unmapped point (unreachable: all paths to outputs are blocked):
  (G)   1082  DLAT /u_reg_file/registers_reg[20][23]
Unmapped point (unreachable: all paths to outputs are blocked):
  (G)   1083  DLAT /u_reg_file/registers_reg[20][22]
Unmapped point (unreachable: all paths to outputs are blocked):
  (G)   1084  DLAT /u_reg_file/registers_reg[20][21]
Unmapped point (unreachable: all paths to outputs are blocked):
  (G)   1085  DLAT /u_reg_file/registers_reg[20][20]
Unmapped point (unreachable: all paths to outputs are blocked):
  (G)   1086  DLAT /u_reg_file/registers_reg[20][19]
Unmapped point (unreachable: all paths to outputs are blocked):
  (G)   1087  DLAT /u_reg_file/registers_reg[20][18]
Unmapped point (unreachable: all paths to outputs are blocked):
  (G)   1088  DLAT /u_reg_file/registers_reg[20][17]
Unmapped point (unreachable: all paths to outputs are blocked):
  (G)   1089  DLAT /u_reg_file/registers_reg[20][16]
Unmapped point (unreachable: all paths to outputs are blocked):
  (G)   1090  DLAT /u_reg_file/registers_reg[20][15]
Unmapped point (unreachable: all paths to outputs are blocked):
  (G)   1091  DLAT /u_reg_file/registers_reg[20][14]
Unmapped point (unreachable: all paths to outputs are blocked):
  (G)   1092  DLAT /u_reg_file/registers_reg[20][13]
Unmapped point (unreachable: all paths to outputs are blocked):
  (G)   1093  DLAT /u_reg_file/registers_reg[20][12]
Unmapped point (unreachable: all paths to outputs are blocked):
  (G)   1094  DLAT /u_reg_file/registers_reg[20][11]
Unmapped point (unreachable: all paths to outputs are blocked):
  (G)   1095  DLAT /u_reg_file/registers_reg[20][10]
Unmapped point (unreachable: all paths to outputs are blocked):
  (G)   1096  DLAT /u_reg_file/registers_reg[20][9]
Unmapped point (unreachable: all paths to outputs are blocked):
  (G)   1097  DLAT /u_reg_file/registers_reg[20][8]
Unmapped point (unreachable: all paths to outputs are blocked):
  (G)   1098  DLAT /u_reg_file/registers_reg[20][7]
Unmapped point (unreachable: all paths to outputs are blocked):
  (G)   1099  DLAT /u_reg_file/registers_reg[20][6]
Unmapped point (unreachable: all paths to outputs are blocked):
  (G)   1100  DLAT /u_reg_file/registers_reg[20][5]
Unmapped point (unreachable: all paths to outputs are blocked):
  (G)   1101  DLAT /u_reg_file/registers_reg[20][4]
Unmapped point (unreachable: all paths to outputs are blocked):
  (G)   1102  DLAT /u_reg_file/registers_reg[20][3]
Unmapped point (unreachable: all paths to outputs are blocked):
  (G)   1103  DLAT /u_reg_file/registers_reg[20][2]
Unmapped point (unreachable: all paths to outputs are blocked):
  (G)   1104  DLAT /u_reg_file/registers_reg[20][1]
Unmapped point (unreachable: all paths to outputs are blocked):
  (G)   1105  DLAT /u_reg_file/registers_reg[20][0]
Unmapped point (unreachable: all paths to outputs are blocked):
  (G)   1106  DLAT /u_reg_file/registers_reg[21][31]
Unmapped point (unreachable: all paths to outputs are blocked):
  (G)   1107  DLAT /u_reg_file/registers_reg[21][30]
Unmapped point (unreachable: all paths to outputs are blocked):
  (G)   1108  DLAT /u_reg_file/registers_reg[21][29]
Unmapped point (unreachable: all paths to outputs are blocked):
  (G)   1109  DLAT /u_reg_file/registers_reg[21][28]
Unmapped point (unreachable: all paths to outputs are blocked):
  (G)   1110  DLAT /u_reg_file/registers_reg[21][27]
Unmapped point (unreachable: all paths to outputs are blocked):
  (G)   1111  DLAT /u_reg_file/registers_reg[21][26]
Unmapped point (unreachable: all paths to outputs are blocked):
  (G)   1112  DLAT /u_reg_file/registers_reg[21][25]
Unmapped point (unreachable: all paths to outputs are blocked):
  (G)   1113  DLAT /u_reg_file/registers_reg[21][24]
Unmapped point (unreachable: all paths to outputs are blocked):
  (G)   1114  DLAT /u_reg_file/registers_reg[21][23]
Unmapped point (unreachable: all paths to outputs are blocked):
  (G)   1115  DLAT /u_reg_file/registers_reg[21][22]
Unmapped point (unreachable: all paths to outputs are blocked):
  (G)   1116  DLAT /u_reg_file/registers_reg[21][21]
Unmapped point (unreachable: all paths to outputs are blocked):
  (G)   1117  DLAT /u_reg_file/registers_reg[21][20]
Unmapped point (unreachable: all paths to outputs are blocked):
  (G)   1118  DLAT /u_reg_file/registers_reg[21][19]
Unmapped point (unreachable: all paths to outputs are blocked):
  (G)   1119  DLAT /u_reg_file/registers_reg[21][18]
Unmapped point (unreachable: all paths to outputs are blocked):
  (G)   1120  DLAT /u_reg_file/registers_reg[21][17]
Unmapped point (unreachable: all paths to outputs are blocked):
  (G)   1121  DLAT /u_reg_file/registers_reg[21][16]
Unmapped point (unreachable: all paths to outputs are blocked):
  (G)   1122  DLAT /u_reg_file/registers_reg[21][15]
Unmapped point (unreachable: all paths to outputs are blocked):
  (G)   1123  DLAT /u_reg_file/registers_reg[21][14]
Unmapped point (unreachable: all paths to outputs are blocked):
  (G)   1124  DLAT /u_reg_file/registers_reg[21][13]
Unmapped point (unreachable: all paths to outputs are blocked):
  (G)   1125  DLAT /u_reg_file/registers_reg[21][12]
Unmapped point (unreachable: all paths to outputs are blocked):
  (G)   1126  DLAT /u_reg_file/registers_reg[21][11]
Unmapped point (unreachable: all paths to outputs are blocked):
  (G)   1127  DLAT /u_reg_file/registers_reg[21][10]
Unmapped point (unreachable: all paths to outputs are blocked):
  (G)   1128  DLAT /u_reg_file/registers_reg[21][9]
Unmapped point (unreachable: all paths to outputs are blocked):
  (G)   1129  DLAT /u_reg_file/registers_reg[21][8]
Unmapped point (unreachable: all paths to outputs are blocked):
  (G)   1130  DLAT /u_reg_file/registers_reg[21][7]
Unmapped point (unreachable: all paths to outputs are blocked):
  (G)   1131  DLAT /u_reg_file/registers_reg[21][6]
Unmapped point (unreachable: all paths to outputs are blocked):
  (G)   1132  DLAT /u_reg_file/registers_reg[21][5]
Unmapped point (unreachable: all paths to outputs are blocked):
  (G)   1133  DLAT /u_reg_file/registers_reg[21][4]
Unmapped point (unreachable: all paths to outputs are blocked):
  (G)   1134  DLAT /u_reg_file/registers_reg[21][3]
Unmapped point (unreachable: all paths to outputs are blocked):
  (G)   1135  DLAT /u_reg_file/registers_reg[21][2]
Unmapped point (unreachable: all paths to outputs are blocked):
  (G)   1136  DLAT /u_reg_file/registers_reg[21][1]
Unmapped point (unreachable: all paths to outputs are blocked):
  (G)   1137  DLAT /u_reg_file/registers_reg[21][0]
Unmapped point (unreachable: all paths to outputs are blocked):
  (G)   1138  DLAT /u_reg_file/registers_reg[22][31]
Unmapped point (unreachable: all paths to outputs are blocked):
  (G)   1139  DLAT /u_reg_file/registers_reg[22][30]
Unmapped point (unreachable: all paths to outputs are blocked):
  (G)   1140  DLAT /u_reg_file/registers_reg[22][29]
Unmapped point (unreachable: all paths to outputs are blocked):
  (G)   1141  DLAT /u_reg_file/registers_reg[22][28]
Unmapped point (unreachable: all paths to outputs are blocked):
  (G)   1142  DLAT /u_reg_file/registers_reg[22][27]
Unmapped point (unreachable: all paths to outputs are blocked):
  (G)   1143  DLAT /u_reg_file/registers_reg[22][26]
Unmapped point (unreachable: all paths to outputs are blocked):
  (G)   1144  DLAT /u_reg_file/registers_reg[22][25]
Unmapped point (unreachable: all paths to outputs are blocked):
  (G)   1145  DLAT /u_reg_file/registers_reg[22][24]
Unmapped point (unreachable: all paths to outputs are blocked):
  (G)   1146  DLAT /u_reg_file/registers_reg[22][23]
Unmapped point (unreachable: all paths to outputs are blocked):
  (G)   1147  DLAT /u_reg_file/registers_reg[22][22]
Unmapped point (unreachable: all paths to outputs are blocked):
  (G)   1148  DLAT /u_reg_file/registers_reg[22][21]
Unmapped point (unreachable: all paths to outputs are blocked):
  (G)   1149  DLAT /u_reg_file/registers_reg[22][20]
Unmapped point (unreachable: all paths to outputs are blocked):
  (G)   1150  DLAT /u_reg_file/registers_reg[22][19]
Unmapped point (unreachable: all paths to outputs are blocked):
  (G)   1151  DLAT /u_reg_file/registers_reg[22][18]
Unmapped point (unreachable: all paths to outputs are blocked):
  (G)   1152  DLAT /u_reg_file/registers_reg[22][17]
Unmapped point (unreachable: all paths to outputs are blocked):
  (G)   1153  DLAT /u_reg_file/registers_reg[22][16]
Unmapped point (unreachable: all paths to outputs are blocked):
  (G)   1154  DLAT /u_reg_file/registers_reg[22][15]
Unmapped point (unreachable: all paths to outputs are blocked):
  (G)   1155  DLAT /u_reg_file/registers_reg[22][14]
Unmapped point (unreachable: all paths to outputs are blocked):
  (G)   1156  DLAT /u_reg_file/registers_reg[22][13]
Unmapped point (unreachable: all paths to outputs are blocked):
  (G)   1157  DLAT /u_reg_file/registers_reg[22][12]
Unmapped point (unreachable: all paths to outputs are blocked):
  (G)   1158  DLAT /u_reg_file/registers_reg[22][11]
Unmapped point (unreachable: all paths to outputs are blocked):
  (G)   1159  DLAT /u_reg_file/registers_reg[22][10]
Unmapped point (unreachable: all paths to outputs are blocked):
  (G)   1160  DLAT /u_reg_file/registers_reg[22][9]
Unmapped point (unreachable: all paths to outputs are blocked):
  (G)   1161  DLAT /u_reg_file/registers_reg[22][8]
Unmapped point (unreachable: all paths to outputs are blocked):
  (G)   1162  DLAT /u_reg_file/registers_reg[22][7]
Unmapped point (unreachable: all paths to outputs are blocked):
  (G)   1163  DLAT /u_reg_file/registers_reg[22][6]
Unmapped point (unreachable: all paths to outputs are blocked):
  (G)   1164  DLAT /u_reg_file/registers_reg[22][5]
Unmapped point (unreachable: all paths to outputs are blocked):
  (G)   1165  DLAT /u_reg_file/registers_reg[22][4]
Unmapped point (unreachable: all paths to outputs are blocked):
  (G)   1166  DLAT /u_reg_file/registers_reg[22][3]
Unmapped point (unreachable: all paths to outputs are blocked):
  (G)   1167  DLAT /u_reg_file/registers_reg[22][2]
Unmapped point (unreachable: all paths to outputs are blocked):
  (G)   1168  DLAT /u_reg_file/registers_reg[22][1]
Unmapped point (unreachable: all paths to outputs are blocked):
  (G)   1169  DLAT /u_reg_file/registers_reg[22][0]
Unmapped point (unreachable: all paths to outputs are blocked):
  (G)   1170  DLAT /u_reg_file/registers_reg[23][31]
Unmapped point (unreachable: all paths to outputs are blocked):
  (G)   1171  DLAT /u_reg_file/registers_reg[23][30]
Unmapped point (unreachable: all paths to outputs are blocked):
  (G)   1172  DLAT /u_reg_file/registers_reg[23][29]
Unmapped point (unreachable: all paths to outputs are blocked):
  (G)   1173  DLAT /u_reg_file/registers_reg[23][28]
Unmapped point (unreachable: all paths to outputs are blocked):
  (G)   1174  DLAT /u_reg_file/registers_reg[23][27]
Unmapped point (unreachable: all paths to outputs are blocked):
  (G)   1175  DLAT /u_reg_file/registers_reg[23][26]
Unmapped point (unreachable: all paths to outputs are blocked):
  (G)   1176  DLAT /u_reg_file/registers_reg[23][25]
Unmapped point (unreachable: all paths to outputs are blocked):
  (G)   1177  DLAT /u_reg_file/registers_reg[23][24]
Unmapped point (unreachable: all paths to outputs are blocked):
  (G)   1178  DLAT /u_reg_file/registers_reg[23][23]
Unmapped point (unreachable: all paths to outputs are blocked):
  (G)   1179  DLAT /u_reg_file/registers_reg[23][22]
Unmapped point (unreachable: all paths to outputs are blocked):
  (G)   1180  DLAT /u_reg_file/registers_reg[23][21]
Unmapped point (unreachable: all paths to outputs are blocked):
  (G)   1181  DLAT /u_reg_file/registers_reg[23][20]
Unmapped point (unreachable: all paths to outputs are blocked):
  (G)   1182  DLAT /u_reg_file/registers_reg[23][19]
Unmapped point (unreachable: all paths to outputs are blocked):
  (G)   1183  DLAT /u_reg_file/registers_reg[23][18]
Unmapped point (unreachable: all paths to outputs are blocked):
  (G)   1184  DLAT /u_reg_file/registers_reg[23][17]
Unmapped point (unreachable: all paths to outputs are blocked):
  (G)   1185  DLAT /u_reg_file/registers_reg[23][16]
Unmapped point (unreachable: all paths to outputs are blocked):
  (G)   1186  DLAT /u_reg_file/registers_reg[23][15]
Unmapped point (unreachable: all paths to outputs are blocked):
  (G)   1187  DLAT /u_reg_file/registers_reg[23][14]
Unmapped point (unreachable: all paths to outputs are blocked):
  (G)   1188  DLAT /u_reg_file/registers_reg[23][13]
Unmapped point (unreachable: all paths to outputs are blocked):
  (G)   1189  DLAT /u_reg_file/registers_reg[23][12]
Unmapped point (unreachable: all paths to outputs are blocked):
  (G)   1190  DLAT /u_reg_file/registers_reg[23][11]
Unmapped point (unreachable: all paths to outputs are blocked):
  (G)   1191  DLAT /u_reg_file/registers_reg[23][10]
Unmapped point (unreachable: all paths to outputs are blocked):
  (G)   1192  DLAT /u_reg_file/registers_reg[23][9]
Unmapped point (unreachable: all paths to outputs are blocked):
  (G)   1193  DLAT /u_reg_file/registers_reg[23][8]
Unmapped point (unreachable: all paths to outputs are blocked):
  (G)   1194  DLAT /u_reg_file/registers_reg[23][7]
Unmapped point (unreachable: all paths to outputs are blocked):
  (G)   1195  DLAT /u_reg_file/registers_reg[23][6]
Unmapped point (unreachable: all paths to outputs are blocked):
  (G)   1196  DLAT /u_reg_file/registers_reg[23][5]
Unmapped point (unreachable: all paths to outputs are blocked):
  (G)   1197  DLAT /u_reg_file/registers_reg[23][4]
Unmapped point (unreachable: all paths to outputs are blocked):
  (G)   1198  DLAT /u_reg_file/registers_reg[23][3]
Unmapped point (unreachable: all paths to outputs are blocked):
  (G)   1199  DLAT /u_reg_file/registers_reg[23][2]
Unmapped point (unreachable: all paths to outputs are blocked):
  (G)   1200  DLAT /u_reg_file/registers_reg[23][1]
Unmapped point (unreachable: all paths to outputs are blocked):
  (G)   1201  DLAT /u_reg_file/registers_reg[23][0]
Unmapped point (unreachable: all paths to outputs are blocked):
  (G)   1202  DLAT /u_reg_file/registers_reg[24][31]
Unmapped point (unreachable: all paths to outputs are blocked):
  (G)   1203  DLAT /u_reg_file/registers_reg[24][30]
Unmapped point (unreachable: all paths to outputs are blocked):
  (G)   1204  DLAT /u_reg_file/registers_reg[24][29]
Unmapped point (unreachable: all paths to outputs are blocked):
  (G)   1205  DLAT /u_reg_file/registers_reg[24][28]
Unmapped point (unreachable: all paths to outputs are blocked):
  (G)   1206  DLAT /u_reg_file/registers_reg[24][27]
Unmapped point (unreachable: all paths to outputs are blocked):
  (G)   1207  DLAT /u_reg_file/registers_reg[24][26]
Unmapped point (unreachable: all paths to outputs are blocked):
  (G)   1208  DLAT /u_reg_file/registers_reg[24][25]
Unmapped point (unreachable: all paths to outputs are blocked):
  (G)   1209  DLAT /u_reg_file/registers_reg[24][24]
Unmapped point (unreachable: all paths to outputs are blocked):
  (G)   1210  DLAT /u_reg_file/registers_reg[24][23]
Unmapped point (unreachable: all paths to outputs are blocked):
  (G)   1211  DLAT /u_reg_file/registers_reg[24][22]
Unmapped point (unreachable: all paths to outputs are blocked):
  (G)   1212  DLAT /u_reg_file/registers_reg[24][21]
Unmapped point (unreachable: all paths to outputs are blocked):
  (G)   1213  DLAT /u_reg_file/registers_reg[24][20]
Unmapped point (unreachable: all paths to outputs are blocked):
  (G)   1214  DLAT /u_reg_file/registers_reg[24][19]
Unmapped point (unreachable: all paths to outputs are blocked):
  (G)   1215  DLAT /u_reg_file/registers_reg[24][18]
Unmapped point (unreachable: all paths to outputs are blocked):
  (G)   1216  DLAT /u_reg_file/registers_reg[24][17]
Unmapped point (unreachable: all paths to outputs are blocked):
  (G)   1217  DLAT /u_reg_file/registers_reg[24][16]
Unmapped point (unreachable: all paths to outputs are blocked):
  (G)   1218  DLAT /u_reg_file/registers_reg[24][15]
Unmapped point (unreachable: all paths to outputs are blocked):
  (G)   1219  DLAT /u_reg_file/registers_reg[24][14]
Unmapped point (unreachable: all paths to outputs are blocked):
  (G)   1220  DLAT /u_reg_file/registers_reg[24][13]
Unmapped point (unreachable: all paths to outputs are blocked):
  (G)   1221  DLAT /u_reg_file/registers_reg[24][12]
Unmapped point (unreachable: all paths to outputs are blocked):
  (G)   1222  DLAT /u_reg_file/registers_reg[24][11]
Unmapped point (unreachable: all paths to outputs are blocked):
  (G)   1223  DLAT /u_reg_file/registers_reg[24][10]
Unmapped point (unreachable: all paths to outputs are blocked):
  (G)   1224  DLAT /u_reg_file/registers_reg[24][9]
Unmapped point (unreachable: all paths to outputs are blocked):
  (G)   1225  DLAT /u_reg_file/registers_reg[24][8]
Unmapped point (unreachable: all paths to outputs are blocked):
  (G)   1226  DLAT /u_reg_file/registers_reg[24][7]
Unmapped point (unreachable: all paths to outputs are blocked):
  (G)   1227  DLAT /u_reg_file/registers_reg[24][6]
Unmapped point (unreachable: all paths to outputs are blocked):
  (G)   1228  DLAT /u_reg_file/registers_reg[24][5]
Unmapped point (unreachable: all paths to outputs are blocked):
  (G)   1229  DLAT /u_reg_file/registers_reg[24][4]
Unmapped point (unreachable: all paths to outputs are blocked):
  (G)   1230  DLAT /u_reg_file/registers_reg[24][3]
Unmapped point (unreachable: all paths to outputs are blocked):
  (G)   1231  DLAT /u_reg_file/registers_reg[24][2]
Unmapped point (unreachable: all paths to outputs are blocked):
  (G)   1232  DLAT /u_reg_file/registers_reg[24][1]
Unmapped point (unreachable: all paths to outputs are blocked):
  (G)   1233  DLAT /u_reg_file/registers_reg[24][0]
Unmapped point (unreachable: all paths to outputs are blocked):
  (G)   1234  DLAT /u_reg_file/registers_reg[25][31]
Unmapped point (unreachable: all paths to outputs are blocked):
  (G)   1235  DLAT /u_reg_file/registers_reg[25][30]
Unmapped point (unreachable: all paths to outputs are blocked):
  (G)   1236  DLAT /u_reg_file/registers_reg[25][29]
Unmapped point (unreachable: all paths to outputs are blocked):
  (G)   1237  DLAT /u_reg_file/registers_reg[25][28]
Unmapped point (unreachable: all paths to outputs are blocked):
  (G)   1238  DLAT /u_reg_file/registers_reg[25][27]
Unmapped point (unreachable: all paths to outputs are blocked):
  (G)   1239  DLAT /u_reg_file/registers_reg[25][26]
Unmapped point (unreachable: all paths to outputs are blocked):
  (G)   1240  DLAT /u_reg_file/registers_reg[25][25]
Unmapped point (unreachable: all paths to outputs are blocked):
  (G)   1241  DLAT /u_reg_file/registers_reg[25][24]
Unmapped point (unreachable: all paths to outputs are blocked):
  (G)   1242  DLAT /u_reg_file/registers_reg[25][23]
Unmapped point (unreachable: all paths to outputs are blocked):
  (G)   1243  DLAT /u_reg_file/registers_reg[25][22]
Unmapped point (unreachable: all paths to outputs are blocked):
  (G)   1244  DLAT /u_reg_file/registers_reg[25][21]
Unmapped point (unreachable: all paths to outputs are blocked):
  (G)   1245  DLAT /u_reg_file/registers_reg[25][20]
Unmapped point (unreachable: all paths to outputs are blocked):
  (G)   1246  DLAT /u_reg_file/registers_reg[25][19]
Unmapped point (unreachable: all paths to outputs are blocked):
  (G)   1247  DLAT /u_reg_file/registers_reg[25][18]
Unmapped point (unreachable: all paths to outputs are blocked):
  (G)   1248  DLAT /u_reg_file/registers_reg[25][17]
Unmapped point (unreachable: all paths to outputs are blocked):
  (G)   1249  DLAT /u_reg_file/registers_reg[25][16]
Unmapped point (unreachable: all paths to outputs are blocked):
  (G)   1250  DLAT /u_reg_file/registers_reg[25][15]
Unmapped point (unreachable: all paths to outputs are blocked):
  (G)   1251  DLAT /u_reg_file/registers_reg[25][14]
Unmapped point (unreachable: all paths to outputs are blocked):
  (G)   1252  DLAT /u_reg_file/registers_reg[25][13]
Unmapped point (unreachable: all paths to outputs are blocked):
  (G)   1253  DLAT /u_reg_file/registers_reg[25][12]
Unmapped point (unreachable: all paths to outputs are blocked):
  (G)   1254  DLAT /u_reg_file/registers_reg[25][11]
Unmapped point (unreachable: all paths to outputs are blocked):
  (G)   1255  DLAT /u_reg_file/registers_reg[25][10]
Unmapped point (unreachable: all paths to outputs are blocked):
  (G)   1256  DLAT /u_reg_file/registers_reg[25][9]
Unmapped point (unreachable: all paths to outputs are blocked):
  (G)   1257  DLAT /u_reg_file/registers_reg[25][8]
Unmapped point (unreachable: all paths to outputs are blocked):
  (G)   1258  DLAT /u_reg_file/registers_reg[25][7]
Unmapped point (unreachable: all paths to outputs are blocked):
  (G)   1259  DLAT /u_reg_file/registers_reg[25][6]
Unmapped point (unreachable: all paths to outputs are blocked):
  (G)   1260  DLAT /u_reg_file/registers_reg[25][5]
Unmapped point (unreachable: all paths to outputs are blocked):
  (G)   1261  DLAT /u_reg_file/registers_reg[25][4]
Unmapped point (unreachable: all paths to outputs are blocked):
  (G)   1262  DLAT /u_reg_file/registers_reg[25][3]
Unmapped point (unreachable: all paths to outputs are blocked):
  (G)   1263  DLAT /u_reg_file/registers_reg[25][2]
Unmapped point (unreachable: all paths to outputs are blocked):
  (G)   1264  DLAT /u_reg_file/registers_reg[25][1]
Unmapped point (unreachable: all paths to outputs are blocked):
  (G)   1265  DLAT /u_reg_file/registers_reg[25][0]
Unmapped point (unreachable: all paths to outputs are blocked):
  (G)   1266  DLAT /u_reg_file/registers_reg[26][31]
Unmapped point (unreachable: all paths to outputs are blocked):
  (G)   1267  DLAT /u_reg_file/registers_reg[26][30]
Unmapped point (unreachable: all paths to outputs are blocked):
  (G)   1268  DLAT /u_reg_file/registers_reg[26][29]
Unmapped point (unreachable: all paths to outputs are blocked):
  (G)   1269  DLAT /u_reg_file/registers_reg[26][28]
Unmapped point (unreachable: all paths to outputs are blocked):
  (G)   1270  DLAT /u_reg_file/registers_reg[26][27]
Unmapped point (unreachable: all paths to outputs are blocked):
  (G)   1271  DLAT /u_reg_file/registers_reg[26][26]
Unmapped point (unreachable: all paths to outputs are blocked):
  (G)   1272  DLAT /u_reg_file/registers_reg[26][25]
Unmapped point (unreachable: all paths to outputs are blocked):
  (G)   1273  DLAT /u_reg_file/registers_reg[26][24]
Unmapped point (unreachable: all paths to outputs are blocked):
  (G)   1274  DLAT /u_reg_file/registers_reg[26][23]
Unmapped point (unreachable: all paths to outputs are blocked):
  (G)   1275  DLAT /u_reg_file/registers_reg[26][22]
Unmapped point (unreachable: all paths to outputs are blocked):
  (G)   1276  DLAT /u_reg_file/registers_reg[26][21]
Unmapped point (unreachable: all paths to outputs are blocked):
  (G)   1277  DLAT /u_reg_file/registers_reg[26][20]
Unmapped point (unreachable: all paths to outputs are blocked):
  (G)   1278  DLAT /u_reg_file/registers_reg[26][19]
Unmapped point (unreachable: all paths to outputs are blocked):
  (G)   1279  DLAT /u_reg_file/registers_reg[26][18]
Unmapped point (unreachable: all paths to outputs are blocked):
  (G)   1280  DLAT /u_reg_file/registers_reg[26][17]
Unmapped point (unreachable: all paths to outputs are blocked):
  (G)   1281  DLAT /u_reg_file/registers_reg[26][16]
Unmapped point (unreachable: all paths to outputs are blocked):
  (G)   1282  DLAT /u_reg_file/registers_reg[26][15]
Unmapped point (unreachable: all paths to outputs are blocked):
  (G)   1283  DLAT /u_reg_file/registers_reg[26][14]
Unmapped point (unreachable: all paths to outputs are blocked):
  (G)   1284  DLAT /u_reg_file/registers_reg[26][13]
Unmapped point (unreachable: all paths to outputs are blocked):
  (G)   1285  DLAT /u_reg_file/registers_reg[26][12]
Unmapped point (unreachable: all paths to outputs are blocked):
  (G)   1286  DLAT /u_reg_file/registers_reg[26][11]
Unmapped point (unreachable: all paths to outputs are blocked):
  (G)   1287  DLAT /u_reg_file/registers_reg[26][10]
Unmapped point (unreachable: all paths to outputs are blocked):
  (G)   1288  DLAT /u_reg_file/registers_reg[26][9]
Unmapped point (unreachable: all paths to outputs are blocked):
  (G)   1289  DLAT /u_reg_file/registers_reg[26][8]
Unmapped point (unreachable: all paths to outputs are blocked):
  (G)   1290  DLAT /u_reg_file/registers_reg[26][7]
Unmapped point (unreachable: all paths to outputs are blocked):
  (G)   1291  DLAT /u_reg_file/registers_reg[26][6]
Unmapped point (unreachable: all paths to outputs are blocked):
  (G)   1292  DLAT /u_reg_file/registers_reg[26][5]
Unmapped point (unreachable: all paths to outputs are blocked):
  (G)   1293  DLAT /u_reg_file/registers_reg[26][4]
Unmapped point (unreachable: all paths to outputs are blocked):
  (G)   1294  DLAT /u_reg_file/registers_reg[26][3]
Unmapped point (unreachable: all paths to outputs are blocked):
  (G)   1295  DLAT /u_reg_file/registers_reg[26][2]
Unmapped point (unreachable: all paths to outputs are blocked):
  (G)   1296  DLAT /u_reg_file/registers_reg[26][1]
Unmapped point (unreachable: all paths to outputs are blocked):
  (G)   1297  DLAT /u_reg_file/registers_reg[26][0]
Unmapped point (unreachable: all paths to outputs are blocked):
  (G)   1298  DLAT /u_reg_file/registers_reg[27][31]
Unmapped point (unreachable: all paths to outputs are blocked):
  (G)   1299  DLAT /u_reg_file/registers_reg[27][30]
Unmapped point (unreachable: all paths to outputs are blocked):
  (G)   1300  DLAT /u_reg_file/registers_reg[27][29]
Unmapped point (unreachable: all paths to outputs are blocked):
  (G)   1301  DLAT /u_reg_file/registers_reg[27][28]
Unmapped point (unreachable: all paths to outputs are blocked):
  (G)   1302  DLAT /u_reg_file/registers_reg[27][27]
Unmapped point (unreachable: all paths to outputs are blocked):
  (G)   1303  DLAT /u_reg_file/registers_reg[27][26]
Unmapped point (unreachable: all paths to outputs are blocked):
  (G)   1304  DLAT /u_reg_file/registers_reg[27][25]
Unmapped point (unreachable: all paths to outputs are blocked):
  (G)   1305  DLAT /u_reg_file/registers_reg[27][24]
Unmapped point (unreachable: all paths to outputs are blocked):
  (G)   1306  DLAT /u_reg_file/registers_reg[27][23]
Unmapped point (unreachable: all paths to outputs are blocked):
  (G)   1307  DLAT /u_reg_file/registers_reg[27][22]
Unmapped point (unreachable: all paths to outputs are blocked):
  (G)   1308  DLAT /u_reg_file/registers_reg[27][21]
Unmapped point (unreachable: all paths to outputs are blocked):
  (G)   1309  DLAT /u_reg_file/registers_reg[27][20]
Unmapped point (unreachable: all paths to outputs are blocked):
  (G)   1310  DLAT /u_reg_file/registers_reg[27][19]
Unmapped point (unreachable: all paths to outputs are blocked):
  (G)   1311  DLAT /u_reg_file/registers_reg[27][18]
Unmapped point (unreachable: all paths to outputs are blocked):
  (G)   1312  DLAT /u_reg_file/registers_reg[27][17]
Unmapped point (unreachable: all paths to outputs are blocked):
  (G)   1313  DLAT /u_reg_file/registers_reg[27][16]
Unmapped point (unreachable: all paths to outputs are blocked):
  (G)   1314  DLAT /u_reg_file/registers_reg[27][15]
Unmapped point (unreachable: all paths to outputs are blocked):
  (G)   1315  DLAT /u_reg_file/registers_reg[27][14]
Unmapped point (unreachable: all paths to outputs are blocked):
  (G)   1316  DLAT /u_reg_file/registers_reg[27][13]
Unmapped point (unreachable: all paths to outputs are blocked):
  (G)   1317  DLAT /u_reg_file/registers_reg[27][12]
Unmapped point (unreachable: all paths to outputs are blocked):
  (G)   1318  DLAT /u_reg_file/registers_reg[27][11]
Unmapped point (unreachable: all paths to outputs are blocked):
  (G)   1319  DLAT /u_reg_file/registers_reg[27][10]
Unmapped point (unreachable: all paths to outputs are blocked):
  (G)   1320  DLAT /u_reg_file/registers_reg[27][9]
Unmapped point (unreachable: all paths to outputs are blocked):
  (G)   1321  DLAT /u_reg_file/registers_reg[27][8]
Unmapped point (unreachable: all paths to outputs are blocked):
  (G)   1322  DLAT /u_reg_file/registers_reg[27][7]
Unmapped point (unreachable: all paths to outputs are blocked):
  (G)   1323  DLAT /u_reg_file/registers_reg[27][6]
Unmapped point (unreachable: all paths to outputs are blocked):
  (G)   1324  DLAT /u_reg_file/registers_reg[27][5]
Unmapped point (unreachable: all paths to outputs are blocked):
  (G)   1325  DLAT /u_reg_file/registers_reg[27][4]
Unmapped point (unreachable: all paths to outputs are blocked):
  (G)   1326  DLAT /u_reg_file/registers_reg[27][3]
Unmapped point (unreachable: all paths to outputs are blocked):
  (G)   1327  DLAT /u_reg_file/registers_reg[27][2]
Unmapped point (unreachable: all paths to outputs are blocked):
  (G)   1328  DLAT /u_reg_file/registers_reg[27][1]
Unmapped point (unreachable: all paths to outputs are blocked):
  (G)   1329  DLAT /u_reg_file/registers_reg[27][0]
Unmapped point (unreachable: all paths to outputs are blocked):
  (G)   1330  DLAT /u_reg_file/registers_reg[28][31]
Unmapped point (unreachable: all paths to outputs are blocked):
  (G)   1331  DLAT /u_reg_file/registers_reg[28][30]
Unmapped point (unreachable: all paths to outputs are blocked):
  (G)   1332  DLAT /u_reg_file/registers_reg[28][29]
Unmapped point (unreachable: all paths to outputs are blocked):
  (G)   1333  DLAT /u_reg_file/registers_reg[28][28]
Unmapped point (unreachable: all paths to outputs are blocked):
  (G)   1334  DLAT /u_reg_file/registers_reg[28][27]
Unmapped point (unreachable: all paths to outputs are blocked):
  (G)   1335  DLAT /u_reg_file/registers_reg[28][26]
Unmapped point (unreachable: all paths to outputs are blocked):
  (G)   1336  DLAT /u_reg_file/registers_reg[28][25]
Unmapped point (unreachable: all paths to outputs are blocked):
  (G)   1337  DLAT /u_reg_file/registers_reg[28][24]
Unmapped point (unreachable: all paths to outputs are blocked):
  (G)   1338  DLAT /u_reg_file/registers_reg[28][23]
Unmapped point (unreachable: all paths to outputs are blocked):
  (G)   1339  DLAT /u_reg_file/registers_reg[28][22]
Unmapped point (unreachable: all paths to outputs are blocked):
  (G)   1340  DLAT /u_reg_file/registers_reg[28][21]
Unmapped point (unreachable: all paths to outputs are blocked):
  (G)   1341  DLAT /u_reg_file/registers_reg[28][20]
Unmapped point (unreachable: all paths to outputs are blocked):
  (G)   1342  DLAT /u_reg_file/registers_reg[28][19]
Unmapped point (unreachable: all paths to outputs are blocked):
  (G)   1343  DLAT /u_reg_file/registers_reg[28][18]
Unmapped point (unreachable: all paths to outputs are blocked):
  (G)   1344  DLAT /u_reg_file/registers_reg[28][17]
Unmapped point (unreachable: all paths to outputs are blocked):
  (G)   1345  DLAT /u_reg_file/registers_reg[28][16]
Unmapped point (unreachable: all paths to outputs are blocked):
  (G)   1346  DLAT /u_reg_file/registers_reg[28][15]
Unmapped point (unreachable: all paths to outputs are blocked):
  (G)   1347  DLAT /u_reg_file/registers_reg[28][14]
Unmapped point (unreachable: all paths to outputs are blocked):
  (G)   1348  DLAT /u_reg_file/registers_reg[28][13]
Unmapped point (unreachable: all paths to outputs are blocked):
  (G)   1349  DLAT /u_reg_file/registers_reg[28][12]
Unmapped point (unreachable: all paths to outputs are blocked):
  (G)   1350  DLAT /u_reg_file/registers_reg[28][11]
Unmapped point (unreachable: all paths to outputs are blocked):
  (G)   1351  DLAT /u_reg_file/registers_reg[28][10]
Unmapped point (unreachable: all paths to outputs are blocked):
  (G)   1352  DLAT /u_reg_file/registers_reg[28][9]
Unmapped point (unreachable: all paths to outputs are blocked):
  (G)   1353  DLAT /u_reg_file/registers_reg[28][8]
Unmapped point (unreachable: all paths to outputs are blocked):
  (G)   1354  DLAT /u_reg_file/registers_reg[28][7]
Unmapped point (unreachable: all paths to outputs are blocked):
  (G)   1355  DLAT /u_reg_file/registers_reg[28][6]
Unmapped point (unreachable: all paths to outputs are blocked):
  (G)   1356  DLAT /u_reg_file/registers_reg[28][5]
Unmapped point (unreachable: all paths to outputs are blocked):
  (G)   1357  DLAT /u_reg_file/registers_reg[28][4]
Unmapped point (unreachable: all paths to outputs are blocked):
  (G)   1358  DLAT /u_reg_file/registers_reg[28][3]
Unmapped point (unreachable: all paths to outputs are blocked):
  (G)   1359  DLAT /u_reg_file/registers_reg[28][2]
Unmapped point (unreachable: all paths to outputs are blocked):
  (G)   1360  DLAT /u_reg_file/registers_reg[28][1]
Unmapped point (unreachable: all paths to outputs are blocked):
  (G)   1361  DLAT /u_reg_file/registers_reg[28][0]
Unmapped point (unreachable: all paths to outputs are blocked):
  (G)   1362  DLAT /u_reg_file/registers_reg[29][31]
Unmapped point (unreachable: all paths to outputs are blocked):
  (G)   1363  DLAT /u_reg_file/registers_reg[29][30]
Unmapped point (unreachable: all paths to outputs are blocked):
  (G)   1364  DLAT /u_reg_file/registers_reg[29][29]
Unmapped point (unreachable: all paths to outputs are blocked):
  (G)   1365  DLAT /u_reg_file/registers_reg[29][28]
Unmapped point (unreachable: all paths to outputs are blocked):
  (G)   1366  DLAT /u_reg_file/registers_reg[29][27]
Unmapped point (unreachable: all paths to outputs are blocked):
  (G)   1367  DLAT /u_reg_file/registers_reg[29][26]
Unmapped point (unreachable: all paths to outputs are blocked):
  (G)   1368  DLAT /u_reg_file/registers_reg[29][25]
Unmapped point (unreachable: all paths to outputs are blocked):
  (G)   1369  DLAT /u_reg_file/registers_reg[29][24]
Unmapped point (unreachable: all paths to outputs are blocked):
  (G)   1370  DLAT /u_reg_file/registers_reg[29][23]
Unmapped point (unreachable: all paths to outputs are blocked):
  (G)   1371  DLAT /u_reg_file/registers_reg[29][22]
Unmapped point (unreachable: all paths to outputs are blocked):
  (G)   1372  DLAT /u_reg_file/registers_reg[29][21]
Unmapped point (unreachable: all paths to outputs are blocked):
  (G)   1373  DLAT /u_reg_file/registers_reg[29][20]
Unmapped point (unreachable: all paths to outputs are blocked):
  (G)   1374  DLAT /u_reg_file/registers_reg[29][19]
Unmapped point (unreachable: all paths to outputs are blocked):
  (G)   1375  DLAT /u_reg_file/registers_reg[29][18]
Unmapped point (unreachable: all paths to outputs are blocked):
  (G)   1376  DLAT /u_reg_file/registers_reg[29][17]
Unmapped point (unreachable: all paths to outputs are blocked):
  (G)   1377  DLAT /u_reg_file/registers_reg[29][16]
Unmapped point (unreachable: all paths to outputs are blocked):
  (G)   1378  DLAT /u_reg_file/registers_reg[29][15]
Unmapped point (unreachable: all paths to outputs are blocked):
  (G)   1379  DLAT /u_reg_file/registers_reg[29][14]
Unmapped point (unreachable: all paths to outputs are blocked):
  (G)   1380  DLAT /u_reg_file/registers_reg[29][13]
Unmapped point (unreachable: all paths to outputs are blocked):
  (G)   1381  DLAT /u_reg_file/registers_reg[29][12]
Unmapped point (unreachable: all paths to outputs are blocked):
  (G)   1382  DLAT /u_reg_file/registers_reg[29][11]
Unmapped point (unreachable: all paths to outputs are blocked):
  (G)   1383  DLAT /u_reg_file/registers_reg[29][10]
Unmapped point (unreachable: all paths to outputs are blocked):
  (G)   1384  DLAT /u_reg_file/registers_reg[29][9]
Unmapped point (unreachable: all paths to outputs are blocked):
  (G)   1385  DLAT /u_reg_file/registers_reg[29][8]
Unmapped point (unreachable: all paths to outputs are blocked):
  (G)   1386  DLAT /u_reg_file/registers_reg[29][7]
Unmapped point (unreachable: all paths to outputs are blocked):
  (G)   1387  DLAT /u_reg_file/registers_reg[29][6]
Unmapped point (unreachable: all paths to outputs are blocked):
  (G)   1388  DLAT /u_reg_file/registers_reg[29][5]
Unmapped point (unreachable: all paths to outputs are blocked):
  (G)   1389  DLAT /u_reg_file/registers_reg[29][4]
Unmapped point (unreachable: all paths to outputs are blocked):
  (G)   1390  DLAT /u_reg_file/registers_reg[29][3]
Unmapped point (unreachable: all paths to outputs are blocked):
  (G)   1391  DLAT /u_reg_file/registers_reg[29][2]
Unmapped point (unreachable: all paths to outputs are blocked):
  (G)   1392  DLAT /u_reg_file/registers_reg[29][1]
Unmapped point (unreachable: all paths to outputs are blocked):
  (G)   1393  DLAT /u_reg_file/registers_reg[29][0]
Unmapped point (not-mapped):
  (G)   1394  DLAT /u_reg_file/registers_reg[30][31]
Unmapped point (not-mapped):
  (G)   1395  DLAT /u_reg_file/registers_reg[30][30]
Unmapped point (not-mapped):
  (G)   1396  DLAT /u_reg_file/registers_reg[30][29]
Unmapped point (not-mapped):
  (G)   1397  DLAT /u_reg_file/registers_reg[30][28]
Unmapped point (not-mapped):
  (G)   1398  DLAT /u_reg_file/registers_reg[30][27]
Unmapped point (not-mapped):
  (G)   1399  DLAT /u_reg_file/registers_reg[30][26]
Unmapped point (not-mapped):
  (G)   1400  DLAT /u_reg_file/registers_reg[30][25]
Unmapped point (not-mapped):
  (G)   1401  DLAT /u_reg_file/registers_reg[30][24]
Unmapped point (not-mapped):
  (G)   1402  DLAT /u_reg_file/registers_reg[30][23]
Unmapped point (not-mapped):
  (G)   1403  DLAT /u_reg_file/registers_reg[30][22]
Unmapped point (not-mapped):
  (G)   1404  DLAT /u_reg_file/registers_reg[30][21]
Unmapped point (not-mapped):
  (G)   1405  DLAT /u_reg_file/registers_reg[30][20]
Unmapped point (not-mapped):
  (G)   1406  DLAT /u_reg_file/registers_reg[30][19]
Unmapped point (not-mapped):
  (G)   1407  DLAT /u_reg_file/registers_reg[30][18]
Unmapped point (not-mapped):
  (G)   1408  DLAT /u_reg_file/registers_reg[30][17]
Unmapped point (not-mapped):
  (G)   1409  DLAT /u_reg_file/registers_reg[30][16]
Unmapped point (not-mapped):
  (G)   1410  DLAT /u_reg_file/registers_reg[30][15]
Unmapped point (not-mapped):
  (G)   1411  DLAT /u_reg_file/registers_reg[30][14]
Unmapped point (not-mapped):
  (G)   1412  DLAT /u_reg_file/registers_reg[30][13]
Unmapped point (not-mapped):
  (G)   1413  DLAT /u_reg_file/registers_reg[30][12]
Unmapped point (not-mapped):
  (G)   1414  DLAT /u_reg_file/registers_reg[30][11]
Unmapped point (not-mapped):
  (G)   1415  DLAT /u_reg_file/registers_reg[30][10]
Unmapped point (not-mapped):
  (G)   1416  DLAT /u_reg_file/registers_reg[30][9]
Unmapped point (not-mapped):
  (G)   1417  DLAT /u_reg_file/registers_reg[30][8]
Unmapped point (not-mapped):
  (G)   1418  DLAT /u_reg_file/registers_reg[30][7]
Unmapped point (not-mapped):
  (G)   1419  DLAT /u_reg_file/registers_reg[30][6]
Unmapped point (not-mapped):
  (G)   1420  DLAT /u_reg_file/registers_reg[30][5]
Unmapped point (not-mapped):
  (G)   1421  DLAT /u_reg_file/registers_reg[30][4]
Unmapped point (not-mapped):
  (G)   1422  DLAT /u_reg_file/registers_reg[30][3]
Unmapped point (not-mapped):
  (G)   1423  DLAT /u_reg_file/registers_reg[30][2]
Unmapped point (not-mapped):
  (G)   1424  DLAT /u_reg_file/registers_reg[30][1]
Unmapped point (not-mapped):
  (G)   1425  DLAT /u_reg_file/registers_reg[30][0]
Unmapped point (unreachable: all paths to outputs are blocked):
  (G)   1426  DLAT /u_reg_file/registers_reg[31][31]
Unmapped point (unreachable: all paths to outputs are blocked):
  (G)   1427  DLAT /u_reg_file/registers_reg[31][30]
Unmapped point (unreachable: all paths to outputs are blocked):
  (G)   1428  DLAT /u_reg_file/registers_reg[31][29]
Unmapped point (unreachable: all paths to outputs are blocked):
  (G)   1429  DLAT /u_reg_file/registers_reg[31][28]
Unmapped point (unreachable: all paths to outputs are blocked):
  (G)   1430  DLAT /u_reg_file/registers_reg[31][27]
Unmapped point (unreachable: all paths to outputs are blocked):
  (G)   1431  DLAT /u_reg_file/registers_reg[31][26]
Unmapped point (unreachable: all paths to outputs are blocked):
  (G)   1432  DLAT /u_reg_file/registers_reg[31][25]
Unmapped point (unreachable: all paths to outputs are blocked):
  (G)   1433  DLAT /u_reg_file/registers_reg[31][24]
Unmapped point (unreachable: all paths to outputs are blocked):
  (G)   1434  DLAT /u_reg_file/registers_reg[31][23]
Unmapped point (unreachable: all paths to outputs are blocked):
  (G)   1435  DLAT /u_reg_file/registers_reg[31][22]
Unmapped point (unreachable: all paths to outputs are blocked):
  (G)   1436  DLAT /u_reg_file/registers_reg[31][21]
Unmapped point (unreachable: all paths to outputs are blocked):
  (G)   1437  DLAT /u_reg_file/registers_reg[31][20]
Unmapped point (unreachable: all paths to outputs are blocked):
  (G)   1438  DLAT /u_reg_file/registers_reg[31][19]
Unmapped point (unreachable: all paths to outputs are blocked):
  (G)   1439  DLAT /u_reg_file/registers_reg[31][18]
Unmapped point (unreachable: all paths to outputs are blocked):
  (G)   1440  DLAT /u_reg_file/registers_reg[31][17]
Unmapped point (unreachable: all paths to outputs are blocked):
  (G)   1441  DLAT /u_reg_file/registers_reg[31][16]
Unmapped point (unreachable: all paths to outputs are blocked):
  (G)   1442  DLAT /u_reg_file/registers_reg[31][15]
Unmapped point (unreachable: all paths to outputs are blocked):
  (G)   1443  DLAT /u_reg_file/registers_reg[31][14]
Unmapped point (unreachable: all paths to outputs are blocked):
  (G)   1444  DLAT /u_reg_file/registers_reg[31][13]
Unmapped point (unreachable: all paths to outputs are blocked):
  (G)   1445  DLAT /u_reg_file/registers_reg[31][12]
Unmapped point (unreachable: all paths to outputs are blocked):
  (G)   1446  DLAT /u_reg_file/registers_reg[31][11]
Unmapped point (unreachable: all paths to outputs are blocked):
  (G)   1447  DLAT /u_reg_file/registers_reg[31][10]
Unmapped point (unreachable: all paths to outputs are blocked):
  (G)   1448  DLAT /u_reg_file/registers_reg[31][9]
Unmapped point (unreachable: all paths to outputs are blocked):
  (G)   1449  DLAT /u_reg_file/registers_reg[31][8]
Unmapped point (unreachable: all paths to outputs are blocked):
  (G)   1450  DLAT /u_reg_file/registers_reg[31][7]
Unmapped point (unreachable: all paths to outputs are blocked):
  (G)   1451  DLAT /u_reg_file/registers_reg[31][6]
Unmapped point (unreachable: all paths to outputs are blocked):
  (G)   1452  DLAT /u_reg_file/registers_reg[31][5]
Unmapped point (unreachable: all paths to outputs are blocked):
  (G)   1453  DLAT /u_reg_file/registers_reg[31][4]
Unmapped point (unreachable: all paths to outputs are blocked):
  (G)   1454  DLAT /u_reg_file/registers_reg[31][3]
Unmapped point (unreachable: all paths to outputs are blocked):
  (G)   1455  DLAT /u_reg_file/registers_reg[31][2]
Unmapped point (unreachable: all paths to outputs are blocked):
  (G)   1456  DLAT /u_reg_file/registers_reg[31][1]
Unmapped point (unreachable: all paths to outputs are blocked):
  (G)   1457  DLAT /u_reg_file/registers_reg[31][0]
Unmapped point (unreachable: all paths to outputs are blocked):
  (G)   1458  CUT  /u_axi_interconnect/U$445/U$1
Unmapped point (unreachable: all paths to outputs are blocked):
  (G)   1459  CUT  /u_axi_interconnect/U$445/U$7
Unmapped point (unreachable: all paths to outputs are blocked):
  (G)   1460  CUT  /u_axi_interconnect/U$445/U$13
Unmapped point (unreachable: all paths to outputs are blocked):
  (G)   1461  CUT  /u_axi_interconnect/U$445/U$19
Unmapped point (unreachable: all paths to outputs are blocked):
  (G)   1462  CUT  /u_axi_interconnect/U$445/U$25
Unmapped point (unreachable: all paths to outputs are blocked):
  (G)   1463  CUT  /u_axi_interconnect/U$445/U$31
Unmapped point (unreachable: all paths to outputs are blocked):
  (G)   1464  CUT  /u_axi_interconnect/U$445/U$37
Unmapped point (unreachable: all paths to outputs are blocked):
  (G)   1465  CUT  /u_axi_interconnect/U$445/U$43
Unmapped point (unreachable: all paths to outputs are blocked):
  (G)   1466  CUT  /u_axi_interconnect/U$445/U$49
Unmapped point (unreachable: all paths to outputs are blocked):
  (G)   1467  CUT  /u_axi_interconnect/U$445/U$55
Unmapped point (unreachable: all paths to outputs are blocked):
  (G)   1468  CUT  /u_axi_interconnect/U$445/U$61
Unmapped point (unreachable: all paths to outputs are blocked):
  (G)   1469  CUT  /u_axi_interconnect/U$445/U$67
Unmapped point (unreachable: all paths to outputs are blocked):
  (G)   1470  CUT  /u_axi_interconnect/U$445/U$73
Unmapped point (unreachable: all paths to outputs are blocked):
  (G)   1471  CUT  /u_axi_interconnect/U$445/U$79
Unmapped point (unreachable: all paths to outputs are blocked):
  (G)   1472  CUT  /u_axi_interconnect/U$445/U$85
Unmapped point (unreachable: all paths to outputs are blocked):
  (G)   1473  CUT  /u_axi_interconnect/U$445/U$91
Unmapped point (unreachable: all paths to outputs are blocked):
  (G)   1474  CUT  /u_axi_interconnect/U$445/U$97
Unmapped point (unreachable: all paths to outputs are blocked):
  (G)   1475  CUT  /u_axi_interconnect/U$445/U$103
Unmapped point (unreachable: all paths to outputs are blocked):
  (G)   1476  CUT  /u_axi_interconnect/U$445/U$109
Unmapped point (unreachable: all paths to outputs are blocked):
  (G)   1477  CUT  /u_axi_interconnect/U$445/U$115
Unmapped point (unreachable: all paths to outputs are blocked):
  (G)   1478  CUT  /u_axi_interconnect/U$445/U$121
Unmapped point (unreachable: all paths to outputs are blocked):
  (G)   1479  CUT  /u_axi_interconnect/U$445/U$127
Unmapped point (unreachable: all paths to outputs are blocked):
  (G)   1480  CUT  /u_axi_interconnect/U$445/U$133
Unmapped point (unreachable: all paths to outputs are blocked):
  (G)   1481  CUT  /u_axi_interconnect/U$445/U$139
Unmapped point (unreachable: all paths to outputs are blocked):
  (G)   1482  CUT  /u_axi_interconnect/U$445/U$145
Unmapped point (unreachable: all paths to outputs are blocked):
  (G)   1483  CUT  /u_axi_interconnect/U$445/U$151
Unmapped point (unreachable: all paths to outputs are blocked):
  (G)   1484  CUT  /u_axi_interconnect/U$445/U$157
Unmapped point (unreachable: all paths to outputs are blocked):
  (G)   1485  CUT  /u_axi_interconnect/U$445/U$163
Unmapped point (unreachable: all paths to outputs are blocked):
  (G)   1486  CUT  /u_axi_interconnect/U$445/U$169
Unmapped point (unreachable: all paths to outputs are blocked):
  (G)   1487  CUT  /u_axi_interconnect/U$445/U$175
Unmapped point (unreachable: all paths to outputs are blocked):
  (G)   1488  CUT  /u_axi_interconnect/U$445/U$181
Unmapped point (unreachable: all paths to outputs are blocked):
  (G)   1489  CUT  /u_axi_interconnect/U$445/U$187
Unmapped point (not-mapped):
  (G)   1490  CUT  /u_axi_interconnect/U$446/U$1
Unmapped point (unreachable: all paths to outputs are blocked):
  (G)   1491  BBOX /u_data_mem/u_ram_upper
Unmapped point (unreachable: all paths to outputs are blocked):
  (G)   1492  BBOX /u_data_mem/u_ram_lower

1203 unmapped points reported
================================================================================
Golden:
--------------------------------------------------------------------------------
Unmapped points   DFF    DLAT   BBOX   CUT       Total   
--------------------------------------------------------------------------------
Unreachable       237    736    2      32        1007    
Not-mapped        65     128    0      1         194     
================================================================================
Revised:
--------------------------------------------------------------------------------
Unmapped points   BBOX      Total   
--------------------------------------------------------------------------------
Unreachable       2         2       
================================================================================
// Command: report floating signals
Undriven nets in Golden:
Undriven pins in Golden:
  In module updated_top_module2: u_axi_interconnect/gpio_awready  
    u_axi_interconnect/gpio_wready  u_axi_interconnect/gpio_bresp[1]  
    u_axi_interconnect/gpio_bresp[0]  u_axi_interconnect/gpio_bvalid  
    u_axi_interconnect/gpio_arready  u_axi_interconnect/gpio_rdata[31]  
    u_axi_interconnect/gpio_rdata[30]  u_axi_interconnect/gpio_rdata[29]  
    u_axi_interconnect/gpio_rdata[28]  u_axi_interconnect/gpio_rdata[27]  
    u_axi_interconnect/gpio_rdata[26]  u_axi_interconnect/gpio_rdata[25]  
    u_axi_interconnect/gpio_rdata[24]  u_axi_interconnect/gpio_rdata[23]  
    u_axi_interconnect/gpio_rdata[22]  u_axi_interconnect/gpio_rdata[21]  
    u_axi_interconnect/gpio_rdata[20]  u_axi_interconnect/gpio_rdata[19]  
    u_axi_interconnect/gpio_rdata[18]  u_axi_interconnect/gpio_rdata[17]  
    u_axi_interconnect/gpio_rdata[16]  u_axi_interconnect/gpio_rdata[15]  
    u_axi_interconnect/gpio_rdata[14]  u_axi_interconnect/gpio_rdata[13]  
    u_axi_interconnect/gpio_rdata[12]  u_axi_interconnect/gpio_rdata[11]  
    u_axi_interconnect/gpio_rdata[10]  u_axi_interconnect/gpio_rdata[9]  
    u_axi_interconnect/gpio_rdata[8]  u_axi_interconnect/gpio_rdata[7]  
    u_axi_interconnect/gpio_rdata[6]  u_axi_interconnect/gpio_rdata[5]  
    u_axi_interconnect/gpio_rdata[4]  u_axi_interconnect/gpio_rdata[3]  
    u_axi_interconnect/gpio_rdata[2]  u_axi_interconnect/gpio_rdata[1]  
    u_axi_interconnect/gpio_rdata[0]  u_axi_interconnect/gpio_rresp[1]  
    u_axi_interconnect/gpio_rresp[0]  u_axi_interconnect/gpio_rvalid  
    u_axi_interconnect/uart_awready  u_axi_interconnect/uart_wready  
    u_axi_interconnect/uart_bresp[1]  u_axi_interconnect/uart_bresp[0]  
    u_axi_interconnect/uart_bvalid  u_axi_interconnect/uart_arready  
    u_axi_interconnect/uart_rdata[31]  u_axi_interconnect/uart_rdata[30]  
    u_axi_interconnect/uart_rdata[29]  u_axi_interconnect/uart_rdata[28]  
    u_axi_interconnect/uart_rdata[27]  u_axi_interconnect/uart_rdata[26]  
    u_axi_interconnect/uart_rdata[25]  u_axi_interconnect/uart_rdata[24]  
    u_axi_interconnect/uart_rdata[23]  u_axi_interconnect/uart_rdata[22]  
    u_axi_interconnect/uart_rdata[21]  u_axi_interconnect/uart_rdata[20]  
    u_axi_interconnect/uart_rdata[19]  u_axi_interconnect/uart_rdata[18]  
    u_axi_interconnect/uart_rdata[17]  u_axi_interconnect/uart_rdata[16]  
    u_axi_interconnect/uart_rdata[15]  u_axi_interconnect/uart_rdata[14]  
    u_axi_interconnect/uart_rdata[13]  u_axi_interconnect/uart_rdata[12]  
    u_axi_interconnect/uart_rdata[11]  u_axi_interconnect/uart_rdata[10]  
    u_axi_interconnect/uart_rdata[9]  u_axi_interconnect/uart_rdata[8]  
    u_axi_interconnect/uart_rdata[7]  u_axi_interconnect/uart_rdata[6]  
    u_axi_interconnect/uart_rdata[5]  u_axi_interconnect/uart_rdata[4]  
    u_axi_interconnect/uart_rdata[3]  u_axi_interconnect/uart_rdata[2]  
    u_axi_interconnect/uart_rdata[1]  u_axi_interconnect/uart_rdata[0]  
    u_axi_interconnect/uart_rresp[1]  u_axi_interconnect/uart_rresp[0]  
    u_axi_interconnect/uart_rvalid
Undriven nets in Revised:
  In module alu_control: alu_control[1]
  In module axi_adapter: wstrb[3]  wstrb[2]  wstrb[1]  wstrb[0]  araddr[31]  
    araddr[30]  araddr[29]  araddr[28]  araddr[27]  araddr[26]  araddr[25]  
    araddr[24]  araddr[23]  araddr[22]  araddr[21]  araddr[20]  araddr[19]  
    araddr[18]  araddr[17]  araddr[16]  araddr[15]  araddr[14]  araddr[13]  
    araddr[12]  araddr[11]  araddr[10]  araddr[9]  araddr[8]  araddr[7]  
    araddr[6]  araddr[5]  araddr[4]  araddr[3]  araddr[2]  araddr[1]  
    araddr[0]  wdata[31]  wdata[30]  wdata[29]  wdata[28]  wdata[27]  
    wdata[26]  wdata[25]  wdata[24]  wdata[23]  wdata[22]  wdata[21]  
    wdata[20]  wdata[19]  wdata[18]  wdata[17]  wdata[16]  wdata[15]  
    wdata[14]  wdata[13]  wdata[12]  wdata[11]  wdata[10]  wdata[9]  wdata[8]  
    wdata[7]  wdata[6]  wdata[5]  wdata[4]  wdata[3]  wdata[2]  wdata[1]  
    wdata[0]  awaddr[31]  awaddr[30]  awaddr[29]  awaddr[28]  awaddr[27]  
    awaddr[26]  awaddr[25]  awaddr[24]  awaddr[23]  awaddr[22]  awaddr[21]  
    awaddr[20]  awaddr[19]  awaddr[18]  awaddr[17]  awaddr[16]  awaddr[15]  
    awaddr[14]  awaddr[13]  awaddr[12]  awaddr[11]  awaddr[10]  awaddr[9]  
    awaddr[8]  awaddr[7]  awaddr[6]  awaddr[5]  awaddr[4]  awaddr[3]  
    awaddr[2]  awaddr[1]  awaddr[0]  read_data[31]  read_data[30]  
    read_data[29]  read_data[28]  read_data[27]  read_data[26]  read_data[25]  
    read_data[24]  read_data[23]  read_data[22]  read_data[21]  read_data[20]  
    read_data[19]  read_data[18]  read_data[17]  read_data[16]  read_data[15]  
    read_data[14]  read_data[13]  read_data[12]  read_data[11]  read_data[10]  
    read_data[9]  read_data[8]  read_data[7]  read_data[6]  read_data[5]  
    read_data[4]  read_data[3]  read_data[2]  read_data[1]  read_data[0]  
    rready  arvalid
  In module axi_interconnect: uart_wstrb[3]  uart_wstrb[2]  uart_wstrb[1]  
    uart_wstrb[0]  gpio_wstrb[3]  gpio_wstrb[2]  gpio_wstrb[1]  gpio_wstrb[0]  
    timer_wstrb[3]  timer_wstrb[2]  timer_wstrb[1]  timer_wstrb[0]  
    pwm_wstrb[3]  pwm_wstrb[2]  pwm_wstrb[1]  pwm_wstrb[0]  uart_araddr[31]  
    uart_araddr[30]  uart_araddr[29]  uart_araddr[28]  uart_araddr[27]  
    uart_araddr[26]  uart_araddr[25]  uart_araddr[24]  uart_araddr[23]  
    uart_araddr[22]  uart_araddr[21]  uart_araddr[20]  uart_araddr[19]  
    uart_araddr[18]  uart_araddr[17]  uart_araddr[16]  uart_araddr[15]  
    uart_araddr[14]  uart_araddr[13]  uart_araddr[12]  uart_araddr[11]  
    uart_araddr[10]  uart_araddr[9]  uart_araddr[8]  uart_araddr[7]  
    uart_araddr[6]  uart_araddr[5]  uart_araddr[4]  uart_araddr[3]  
    uart_araddr[2]  uart_araddr[1]  uart_araddr[0]  uart_wdata[31]  
    uart_wdata[30]  uart_wdata[29]  uart_wdata[28]  uart_wdata[27]  
    uart_wdata[26]  uart_wdata[25]  uart_wdata[24]  uart_wdata[23]  
    uart_wdata[22]  uart_wdata[21]  uart_wdata[20]  uart_wdata[19]  
    uart_wdata[18]  uart_wdata[17]  uart_wdata[16]  uart_wdata[15]  
    uart_wdata[14]  uart_wdata[13]  uart_wdata[12]  uart_wdata[11]  
    uart_wdata[10]  uart_wdata[9]  uart_wdata[8]  uart_wdata[7]  uart_wdata[6]  
    uart_wdata[5]  uart_wdata[4]  uart_wdata[3]  uart_wdata[2]  uart_wdata[1]  
    uart_wdata[0]  uart_awaddr[31]  uart_awaddr[30]  uart_awaddr[29]  
    uart_awaddr[28]  uart_awaddr[27]  uart_awaddr[26]  uart_awaddr[25]  
    uart_awaddr[24]  uart_awaddr[23]  uart_awaddr[22]  uart_awaddr[21]  
    uart_awaddr[20]  uart_awaddr[19]  uart_awaddr[18]  uart_awaddr[17]  
    uart_awaddr[16]  uart_awaddr[15]  uart_awaddr[14]  uart_awaddr[13]  
    uart_awaddr[12]  uart_awaddr[11]  uart_awaddr[10]  uart_awaddr[9]  
    uart_awaddr[8]  uart_awaddr[7]  uart_awaddr[6]  uart_awaddr[5]  
    uart_awaddr[4]  uart_awaddr[3]  uart_awaddr[2]  uart_awaddr[1]  
    uart_awaddr[0]  gpio_araddr[31]  gpio_araddr[30]  gpio_araddr[29]  
    gpio_araddr[28]  gpio_araddr[27]  gpio_araddr[26]  gpio_araddr[25]  
    gpio_araddr[24]  gpio_araddr[23]  gpio_araddr[22]  gpio_araddr[21]  
    gpio_araddr[20]  gpio_araddr[19]  gpio_araddr[18]  gpio_araddr[17]  
    gpio_araddr[16]  gpio_araddr[15]  gpio_araddr[14]  gpio_araddr[13]  
    gpio_araddr[12]  gpio_araddr[11]  gpio_araddr[10]  gpio_araddr[9]  
    gpio_araddr[8]  gpio_araddr[7]  gpio_araddr[6]  gpio_araddr[5]  
    gpio_araddr[4]  gpio_araddr[3]  gpio_araddr[2]  gpio_araddr[1]  
    gpio_araddr[0]  gpio_wdata[31]  gpio_wdata[30]  gpio_wdata[29]  
    gpio_wdata[28]  gpio_wdata[27]  gpio_wdata[26]  gpio_wdata[25]  
    gpio_wdata[24]  gpio_wdata[23]  gpio_wdata[22]  gpio_wdata[21]  
    gpio_wdata[20]  gpio_wdata[19]  gpio_wdata[18]  gpio_wdata[17]  
    gpio_wdata[16]  gpio_wdata[15]  gpio_wdata[14]  gpio_wdata[13]  
    gpio_wdata[12]  gpio_wdata[11]  gpio_wdata[10]  gpio_wdata[9]  
    gpio_wdata[8]  gpio_wdata[7]  gpio_wdata[6]  gpio_wdata[5]  gpio_wdata[4]  
    gpio_wdata[3]  gpio_wdata[2]  gpio_wdata[1]  gpio_wdata[0]  
    gpio_awaddr[31]  gpio_awaddr[30]  gpio_awaddr[29]  gpio_awaddr[28]  
    gpio_awaddr[27]  gpio_awaddr[26]  gpio_awaddr[25]  gpio_awaddr[24]  
    gpio_awaddr[23]  gpio_awaddr[22]  gpio_awaddr[21]  gpio_awaddr[20]  
    gpio_awaddr[19]  gpio_awaddr[18]  gpio_awaddr[17]  gpio_awaddr[16]  
    gpio_awaddr[15]  gpio_awaddr[14]  gpio_awaddr[13]  gpio_awaddr[12]  
    gpio_awaddr[11]  gpio_awaddr[10]  gpio_awaddr[9]  gpio_awaddr[8]  
    gpio_awaddr[7]  gpio_awaddr[6]  gpio_awaddr[5]  gpio_awaddr[4]  
    gpio_awaddr[3]  gpio_awaddr[2]  gpio_awaddr[1]  gpio_awaddr[0]  
    timer_araddr[31]  timer_araddr[30]  timer_araddr[29]  timer_araddr[28]  
    timer_araddr[27]  timer_araddr[26]  timer_araddr[25]  timer_araddr[24]  
    timer_araddr[23]  timer_araddr[22]  timer_araddr[21]  timer_araddr[20]  
    timer_araddr[19]  timer_araddr[18]  timer_araddr[17]  timer_araddr[16]  
    timer_araddr[15]  timer_araddr[14]  timer_araddr[13]  timer_araddr[12]  
    timer_araddr[11]  timer_araddr[10]  timer_araddr[9]  timer_araddr[8]  
    timer_araddr[7]  timer_araddr[6]  timer_araddr[5]  timer_araddr[4]  
    timer_araddr[3]  timer_araddr[2]  timer_araddr[1]  timer_araddr[0]  
    timer_wdata[31]  timer_wdata[30]  timer_wdata[29]  timer_wdata[28]  
    timer_wdata[27]  timer_wdata[26]  timer_wdata[25]  timer_wdata[24]  
    timer_wdata[23]  timer_wdata[22]  timer_wdata[21]  timer_wdata[20]  
    timer_wdata[19]  timer_wdata[18]  timer_wdata[17]  timer_wdata[16]  
    timer_wdata[15]  timer_wdata[14]  timer_wdata[13]  timer_wdata[12]  
    timer_wdata[11]  timer_wdata[10]  timer_wdata[9]  timer_wdata[8]  
    timer_wdata[7]  timer_wdata[6]  timer_wdata[5]  timer_wdata[4]  
    timer_wdata[3]  timer_wdata[2]  timer_wdata[1]  timer_wdata[0]  
    timer_awaddr[31]  timer_awaddr[30]  timer_awaddr[29]  timer_awaddr[28]  
    timer_awaddr[27]  timer_awaddr[26]  timer_awaddr[25]  timer_awaddr[24]  
    timer_awaddr[23]  timer_awaddr[22]  timer_awaddr[21]  timer_awaddr[20]  
    timer_awaddr[19]  timer_awaddr[18]  timer_awaddr[17]  timer_awaddr[16]  
    timer_awaddr[15]  timer_awaddr[14]  timer_awaddr[13]  timer_awaddr[12]  
    timer_awaddr[11]  timer_awaddr[10]  timer_awaddr[9]  timer_awaddr[8]  
    timer_awaddr[7]  timer_awaddr[6]  timer_awaddr[5]  timer_awaddr[4]  
    timer_awaddr[3]  timer_awaddr[2]  timer_awaddr[1]  timer_awaddr[0]  
    pwm_araddr[31]  pwm_araddr[30]  pwm_araddr[29]  pwm_araddr[28]  
    pwm_araddr[27]  pwm_araddr[26]  pwm_araddr[25]  pwm_araddr[24]  
    pwm_araddr[23]  pwm_araddr[22]  pwm_araddr[21]  pwm_araddr[20]  
    pwm_araddr[19]  pwm_araddr[18]  pwm_araddr[17]  pwm_araddr[16]  
    pwm_araddr[15]  pwm_araddr[14]  pwm_araddr[13]  pwm_araddr[12]  
    pwm_araddr[11]  pwm_araddr[10]  pwm_araddr[9]  pwm_araddr[8]  
    pwm_araddr[7]  pwm_araddr[6]  pwm_araddr[5]  pwm_araddr[4]  pwm_araddr[3]  
    pwm_araddr[2]  pwm_araddr[1]  pwm_araddr[0]  pwm_wdata[31]  pwm_wdata[30]  
    pwm_wdata[29]  pwm_wdata[28]  pwm_wdata[27]  pwm_wdata[26]  pwm_wdata[25]  
    pwm_wdata[24]  pwm_wdata[23]  pwm_wdata[22]  pwm_wdata[21]  pwm_wdata[20]  
    pwm_wdata[19]  pwm_wdata[18]  pwm_wdata[17]  pwm_wdata[16]  pwm_wdata[15]  
    pwm_wdata[14]  pwm_wdata[13]  pwm_wdata[12]  pwm_wdata[11]  pwm_wdata[10]  
    pwm_wdata[9]  pwm_wdata[8]  pwm_wdata[7]  pwm_wdata[6]  pwm_wdata[5]  
    pwm_wdata[4]  pwm_wdata[3]  pwm_wdata[2]  pwm_wdata[1]  pwm_wdata[0]  
    pwm_awaddr[31]  pwm_awaddr[30]  pwm_awaddr[29]  pwm_awaddr[28]  
    pwm_awaddr[27]  pwm_awaddr[26]  pwm_awaddr[25]  pwm_awaddr[24]  
    pwm_awaddr[23]  pwm_awaddr[22]  pwm_awaddr[21]  pwm_awaddr[20]  
    pwm_awaddr[19]  pwm_awaddr[18]  pwm_awaddr[17]  pwm_awaddr[16]  
    pwm_awaddr[15]  pwm_awaddr[14]  pwm_awaddr[13]  pwm_awaddr[12]  
    pwm_awaddr[11]  pwm_awaddr[10]  pwm_awaddr[9]  pwm_awaddr[8]  
    pwm_awaddr[7]  pwm_awaddr[6]  pwm_awaddr[5]  pwm_awaddr[4]  pwm_awaddr[3]  
    pwm_awaddr[2]  pwm_awaddr[1]  pwm_awaddr[0]  slave_rdata[31]  
    slave_rdata[30]  slave_rdata[29]  slave_rdata[28]  slave_rdata[27]  
    slave_rdata[26]  slave_rdata[25]  slave_rdata[24]  slave_rdata[23]  
    slave_rdata[22]  slave_rdata[21]  slave_rdata[20]  slave_rdata[19]  
    slave_rdata[18]  slave_rdata[17]  slave_rdata[16]  slave_rdata[15]  
    slave_rdata[14]  slave_rdata[13]  slave_rdata[12]  slave_rdata[11]  
    slave_rdata[10]  slave_rdata[9]  slave_rdata[8]  slave_rdata[7]  
    slave_rdata[6]  slave_rdata[5]  slave_rdata[4]  slave_rdata[3]  
    slave_rdata[2]  slave_rdata[1]  slave_rdata[0]  slave_rresp[1]  
    slave_rresp[0]  slave_bresp[1]  slave_bresp[0]  uart_rready  uart_arvalid  
    uart_bready  uart_wvalid  uart_awvalid  gpio_rready  gpio_arvalid  
    gpio_bready  gpio_wvalid  gpio_awvalid  timer_rready  timer_arvalid  
    pwm_rready  pwm_arvalid  slave_rvalid  slave_arready
  In module decoder: pc_src_jalr  branch  mem_to_reg  mem_read
  In module data_mem: read_data[31]  read_data[30]  read_data[29]  read_data[28]  
    read_data[27]  read_data[26]  read_data[25]  read_data[24]  read_data[23]  
    read_data[22]  read_data[21]  read_data[20]  read_data[19]  read_data[18]  
    read_data[17]  read_data[16]  read_data[15]  read_data[14]  read_data[13]  
    read_data[12]  read_data[11]  read_data[10]  read_data[9]  read_data[8]  
    read_data[7]  read_data[6]  read_data[5]  read_data[4]  read_data[3]  
    read_data[2]  read_data[1]  read_data[0]
  In module instr_mem: instruction[31]  instruction[30]  instruction[29]  
    instruction[28]  instruction[27]  instruction[26]  instruction[25]  
    instruction[19]  instruction[18]  instruction[17]  instruction[14]  
    instruction[12]  instruction[11]  instruction[3]  instruction[2]  
    instruction[0]
  In module pc_reg: pc_out[31]  pc_out[1]  pc_out[0]
  In module pwm_peripheral: rdata[31]  rdata[30]  rdata[29]  rdata[28]  
    rdata[27]  rdata[26]  rdata[25]  rdata[24]  rdata[23]  rdata[22]  
    rdata[21]  rdata[20]  rdata[19]  rdata[18]  rdata[17]  rdata[16]  
    rdata[15]  rdata[14]  rdata[13]  rdata[12]  rdata[11]  rdata[10]  rdata[9]  
    rdata[8]  rdata[7]  rdata[6]  rdata[5]  rdata[4]  rdata[3]  rdata[2]  
    rdata[1]  rdata[0]  rresp[1]  rresp[0]  bresp[1]  bresp[0]  rvalid  
    arready
  In module reg_file: read_data1[23]  read_data1[10]  read_data1[1]
  In module timer_peripheral: rdata[31]  rdata[30]  rdata[29]  rdata[28]  
    rdata[27]  rdata[26]  rdata[25]  rdata[24]  rdata[23]  rdata[22]  
    rdata[21]  rdata[20]  rdata[19]  rdata[18]  rdata[17]  rdata[16]  
    rdata[15]  rdata[14]  rdata[13]  rdata[12]  rdata[11]  rdata[10]  rdata[9]  
    rdata[8]  rdata[7]  rdata[6]  rdata[5]  rdata[4]  rdata[3]  rdata[2]  
    rdata[1]  rdata[0]  rresp[1]  rresp[0]  bresp[1]  bresp[0]  rvalid  
    arready
Undriven pins in Revised:
  In module alu_control: alu_control[1]
  In module axi_adapter: read_data[31]  read_data[30]  read_data[29]  
    read_data[28]  read_data[27]  read_data[26]  read_data[25]  read_data[24]  
    read_data[23]  read_data[22]  read_data[21]  read_data[20]  read_data[19]  
    read_data[18]  read_data[17]  read_data[16]  read_data[15]  read_data[14]  
    read_data[13]  read_data[12]  read_data[11]  read_data[10]  read_data[9]  
    read_data[8]  read_data[7]  read_data[6]  read_data[5]  read_data[4]  
    read_data[3]  read_data[2]  read_data[1]  read_data[0]  awaddr[31]  
    awaddr[30]  awaddr[29]  awaddr[28]  awaddr[27]  awaddr[26]  awaddr[25]  
    awaddr[24]  awaddr[23]  awaddr[22]  awaddr[21]  awaddr[20]  awaddr[19]  
    awaddr[18]  awaddr[17]  awaddr[16]  awaddr[15]  awaddr[14]  awaddr[13]  
    awaddr[12]  awaddr[11]  awaddr[10]  awaddr[9]  awaddr[8]  awaddr[7]  
    awaddr[6]  awaddr[5]  awaddr[4]  awaddr[3]  awaddr[2]  awaddr[1]  
    awaddr[0]  wdata[31]  wdata[30]  wdata[29]  wdata[28]  wdata[27]  
    wdata[26]  wdata[25]  wdata[24]  wdata[23]  wdata[22]  wdata[21]  
    wdata[20]  wdata[19]  wdata[18]  wdata[17]  wdata[16]  wdata[15]  
    wdata[14]  wdata[13]  wdata[12]  wdata[11]  wdata[10]  wdata[9]  wdata[8]  
    wdata[7]  wdata[6]  wdata[5]  wdata[4]  wdata[3]  wdata[2]  wdata[1]  
    wdata[0]  wstrb[3]  wstrb[2]  wstrb[1]  wstrb[0]  araddr[31]  araddr[30]  
    araddr[29]  araddr[28]  araddr[27]  araddr[26]  araddr[25]  araddr[24]  
    araddr[23]  araddr[22]  araddr[21]  araddr[20]  araddr[19]  araddr[18]  
    araddr[17]  araddr[16]  araddr[15]  araddr[14]  araddr[13]  araddr[12]  
    araddr[11]  araddr[10]  araddr[9]  araddr[8]  araddr[7]  araddr[6]  
    araddr[5]  araddr[4]  araddr[3]  araddr[2]  araddr[1]  araddr[0]  arvalid  
    rready
  In module axi_interconnect: slave_bresp[1]  slave_bresp[0]  slave_arready  
    slave_rdata[31]  slave_rdata[30]  slave_rdata[29]  slave_rdata[28]  
    slave_rdata[27]  slave_rdata[26]  slave_rdata[25]  slave_rdata[24]  
    slave_rdata[23]  slave_rdata[22]  slave_rdata[21]  slave_rdata[20]  
    slave_rdata[19]  slave_rdata[18]  slave_rdata[17]  slave_rdata[16]  
    slave_rdata[15]  slave_rdata[14]  slave_rdata[13]  slave_rdata[12]  
    slave_rdata[11]  slave_rdata[10]  slave_rdata[9]  slave_rdata[8]  
    slave_rdata[7]  slave_rdata[6]  slave_rdata[5]  slave_rdata[4]  
    slave_rdata[3]  slave_rdata[2]  slave_rdata[1]  slave_rdata[0]  
    slave_rresp[1]  slave_rresp[0]  slave_rvalid  pwm_awaddr[31]  
    pwm_awaddr[30]  pwm_awaddr[29]  pwm_awaddr[28]  pwm_awaddr[27]  
    pwm_awaddr[26]  pwm_awaddr[25]  pwm_awaddr[24]  pwm_awaddr[23]  
    pwm_awaddr[22]  pwm_awaddr[21]  pwm_awaddr[20]  pwm_awaddr[19]  
    pwm_awaddr[18]  pwm_awaddr[17]  pwm_awaddr[16]  pwm_awaddr[15]  
    pwm_awaddr[14]  pwm_awaddr[13]  pwm_awaddr[12]  pwm_awaddr[11]  
    pwm_awaddr[10]  pwm_awaddr[9]  pwm_awaddr[8]  pwm_awaddr[7]  pwm_awaddr[6]  
    pwm_awaddr[5]  pwm_awaddr[4]  pwm_awaddr[3]  pwm_awaddr[2]  pwm_awaddr[1]  
    pwm_awaddr[0]  pwm_wdata[31]  pwm_wdata[30]  pwm_wdata[29]  pwm_wdata[28]  
    pwm_wdata[27]  pwm_wdata[26]  pwm_wdata[25]  pwm_wdata[24]  pwm_wdata[23]  
    pwm_wdata[22]  pwm_wdata[21]  pwm_wdata[20]  pwm_wdata[19]  pwm_wdata[18]  
    pwm_wdata[17]  pwm_wdata[16]  pwm_wdata[15]  pwm_wdata[14]  pwm_wdata[13]  
    pwm_wdata[12]  pwm_wdata[11]  pwm_wdata[10]  pwm_wdata[9]  pwm_wdata[8]  
    pwm_wdata[7]  pwm_wdata[6]  pwm_wdata[5]  pwm_wdata[4]  pwm_wdata[3]  
    pwm_wdata[2]  pwm_wdata[1]  pwm_wdata[0]  pwm_wstrb[3]  pwm_wstrb[2]  
    pwm_wstrb[1]  pwm_wstrb[0]  pwm_araddr[31]  pwm_araddr[30]  pwm_araddr[29]  
    pwm_araddr[28]  pwm_araddr[27]  pwm_araddr[26]  pwm_araddr[25]  
    pwm_araddr[24]  pwm_araddr[23]  pwm_araddr[22]  pwm_araddr[21]  
    pwm_araddr[20]  pwm_araddr[19]  pwm_araddr[18]  pwm_araddr[17]  
    pwm_araddr[16]  pwm_araddr[15]  pwm_araddr[14]  pwm_araddr[13]  
    pwm_araddr[12]  pwm_araddr[11]  pwm_araddr[10]  pwm_araddr[9]  
    pwm_araddr[8]  pwm_araddr[7]  pwm_araddr[6]  pwm_araddr[5]  pwm_araddr[4]  
    pwm_araddr[3]  pwm_araddr[2]  pwm_araddr[1]  pwm_araddr[0]  pwm_arvalid  
    pwm_rready  timer_awaddr[31]  timer_awaddr[30]  timer_awaddr[29]  
    timer_awaddr[28]  timer_awaddr[27]  timer_awaddr[26]  timer_awaddr[25]  
    timer_awaddr[24]  timer_awaddr[23]  timer_awaddr[22]  timer_awaddr[21]  
    timer_awaddr[20]  timer_awaddr[19]  timer_awaddr[18]  timer_awaddr[17]  
    timer_awaddr[16]  timer_awaddr[15]  timer_awaddr[14]  timer_awaddr[13]  
    timer_awaddr[12]  timer_awaddr[11]  timer_awaddr[10]  timer_awaddr[9]  
    timer_awaddr[8]  timer_awaddr[7]  timer_awaddr[6]  timer_awaddr[5]  
    timer_awaddr[4]  timer_awaddr[3]  timer_awaddr[2]  timer_awaddr[1]  
    timer_awaddr[0]  timer_wdata[31]  timer_wdata[30]  timer_wdata[29]  
    timer_wdata[28]  timer_wdata[27]  timer_wdata[26]  timer_wdata[25]  
    timer_wdata[24]  timer_wdata[23]  timer_wdata[22]  timer_wdata[21]  
    timer_wdata[20]  timer_wdata[19]  timer_wdata[18]  timer_wdata[17]  
    timer_wdata[16]  timer_wdata[15]  timer_wdata[14]  timer_wdata[13]  
    timer_wdata[12]  timer_wdata[11]  timer_wdata[10]  timer_wdata[9]  
    timer_wdata[8]  timer_wdata[7]  timer_wdata[6]  timer_wdata[5]  
    timer_wdata[4]  timer_wdata[3]  timer_wdata[2]  timer_wdata[1]  
    timer_wdata[0]  timer_wstrb[3]  timer_wstrb[2]  timer_wstrb[1]  
    timer_wstrb[0]  timer_araddr[31]  timer_araddr[30]  timer_araddr[29]  
    timer_araddr[28]  timer_araddr[27]  timer_araddr[26]  timer_araddr[25]  
    timer_araddr[24]  timer_araddr[23]  timer_araddr[22]  timer_araddr[21]  
    timer_araddr[20]  timer_araddr[19]  timer_araddr[18]  timer_araddr[17]  
    timer_araddr[16]  timer_araddr[15]  timer_araddr[14]  timer_araddr[13]  
    timer_araddr[12]  timer_araddr[11]  timer_araddr[10]  timer_araddr[9]  
    timer_araddr[8]  timer_araddr[7]  timer_araddr[6]  timer_araddr[5]  
    timer_araddr[4]  timer_araddr[3]  timer_araddr[2]  timer_araddr[1]  
    timer_araddr[0]  timer_arvalid  timer_rready  gpio_awaddr[31]  
    gpio_awaddr[30]  gpio_awaddr[29]  gpio_awaddr[28]  gpio_awaddr[27]  
    gpio_awaddr[26]  gpio_awaddr[25]  gpio_awaddr[24]  gpio_awaddr[23]  
    gpio_awaddr[22]  gpio_awaddr[21]  gpio_awaddr[20]  gpio_awaddr[19]  
    gpio_awaddr[18]  gpio_awaddr[17]  gpio_awaddr[16]  gpio_awaddr[15]  
    gpio_awaddr[14]  gpio_awaddr[13]  gpio_awaddr[12]  gpio_awaddr[11]  
    gpio_awaddr[10]  gpio_awaddr[9]  gpio_awaddr[8]  gpio_awaddr[7]  
    gpio_awaddr[6]  gpio_awaddr[5]  gpio_awaddr[4]  gpio_awaddr[3]  
    gpio_awaddr[2]  gpio_awaddr[1]  gpio_awaddr[0]  gpio_awvalid  
    gpio_wdata[31]  gpio_wdata[30]  gpio_wdata[29]  gpio_wdata[28]  
    gpio_wdata[27]  gpio_wdata[26]  gpio_wdata[25]  gpio_wdata[24]  
    gpio_wdata[23]  gpio_wdata[22]  gpio_wdata[21]  gpio_wdata[20]  
    gpio_wdata[19]  gpio_wdata[18]  gpio_wdata[17]  gpio_wdata[16]  
    gpio_wdata[15]  gpio_wdata[14]  gpio_wdata[13]  gpio_wdata[12]  
    gpio_wdata[11]  gpio_wdata[10]  gpio_wdata[9]  gpio_wdata[8]  
    gpio_wdata[7]  gpio_wdata[6]  gpio_wdata[5]  gpio_wdata[4]  gpio_wdata[3]  
    gpio_wdata[2]  gpio_wdata[1]  gpio_wdata[0]  gpio_wstrb[3]  gpio_wstrb[2]  
    gpio_wstrb[1]  gpio_wstrb[0]  gpio_wvalid  gpio_bready  gpio_araddr[31]  
    gpio_araddr[30]  gpio_araddr[29]  gpio_araddr[28]  gpio_araddr[27]  
    gpio_araddr[26]  gpio_araddr[25]  gpio_araddr[24]  gpio_araddr[23]  
    gpio_araddr[22]  gpio_araddr[21]  gpio_araddr[20]  gpio_araddr[19]  
    gpio_araddr[18]  gpio_araddr[17]  gpio_araddr[16]  gpio_araddr[15]  
    gpio_araddr[14]  gpio_araddr[13]  gpio_araddr[12]  gpio_araddr[11]  
    gpio_araddr[10]  gpio_araddr[9]  gpio_araddr[8]  gpio_araddr[7]  
    gpio_araddr[6]  gpio_araddr[5]  gpio_araddr[4]  gpio_araddr[3]  
    gpio_araddr[2]  gpio_araddr[1]  gpio_araddr[0]  gpio_arvalid  gpio_rready  
    uart_awaddr[31]  uart_awaddr[30]  uart_awaddr[29]  uart_awaddr[28]  
    uart_awaddr[27]  uart_awaddr[26]  uart_awaddr[25]  uart_awaddr[24]  
    uart_awaddr[23]  uart_awaddr[22]  uart_awaddr[21]  uart_awaddr[20]  
    uart_awaddr[19]  uart_awaddr[18]  uart_awaddr[17]  uart_awaddr[16]  
    uart_awaddr[15]  uart_awaddr[14]  uart_awaddr[13]  uart_awaddr[12]  
    uart_awaddr[11]  uart_awaddr[10]  uart_awaddr[9]  uart_awaddr[8]  
    uart_awaddr[7]  uart_awaddr[6]  uart_awaddr[5]  uart_awaddr[4]  
    uart_awaddr[3]  uart_awaddr[2]  uart_awaddr[1]  uart_awaddr[0]  
    uart_awvalid  uart_wdata[31]  uart_wdata[30]  uart_wdata[29]  
    uart_wdata[28]  uart_wdata[27]  uart_wdata[26]  uart_wdata[25]  
    uart_wdata[24]  uart_wdata[23]  uart_wdata[22]  uart_wdata[21]  
    uart_wdata[20]  uart_wdata[19]  uart_wdata[18]  uart_wdata[17]  
    uart_wdata[16]  uart_wdata[15]  uart_wdata[14]  uart_wdata[13]  
    uart_wdata[12]  uart_wdata[11]  uart_wdata[10]  uart_wdata[9]  
    uart_wdata[8]  uart_wdata[7]  uart_wdata[6]  uart_wdata[5]  uart_wdata[4]  
    uart_wdata[3]  uart_wdata[2]  uart_wdata[1]  uart_wdata[0]  uart_wstrb[3]  
    uart_wstrb[2]  uart_wstrb[1]  uart_wstrb[0]  uart_wvalid  uart_bready  
    uart_araddr[31]  uart_araddr[30]  uart_araddr[29]  uart_araddr[28]  
    uart_araddr[27]  uart_araddr[26]  uart_araddr[25]  uart_araddr[24]  
    uart_araddr[23]  uart_araddr[22]  uart_araddr[21]  uart_araddr[20]  
    uart_araddr[19]  uart_araddr[18]  uart_araddr[17]  uart_araddr[16]  
    uart_araddr[15]  uart_araddr[14]  uart_araddr[13]  uart_araddr[12]  
    uart_araddr[11]  uart_araddr[10]  uart_araddr[9]  uart_araddr[8]  
    uart_araddr[7]  uart_araddr[6]  uart_araddr[5]  uart_araddr[4]  
    uart_araddr[3]  uart_araddr[2]  uart_araddr[1]  uart_araddr[0]  
    uart_arvalid  uart_rready
  In module decoder: mem_read  mem_to_reg  branch  pc_src_jalr
  In module data_mem: read_data[31]  read_data[30]  read_data[29]  read_data[28]  
    read_data[27]  read_data[26]  read_data[25]  read_data[24]  read_data[23]  
    read_data[22]  read_data[21]  read_data[20]  read_data[19]  read_data[18]  
    read_data[17]  read_data[16]  read_data[15]  read_data[14]  read_data[13]  
    read_data[12]  read_data[11]  read_data[10]  read_data[9]  read_data[8]  
    read_data[7]  read_data[6]  read_data[5]  read_data[4]  read_data[3]  
    read_data[2]  read_data[1]  read_data[0]
  In module instr_mem: instruction[31]  instruction[30]  instruction[29]  
    instruction[28]  instruction[27]  instruction[26]  instruction[25]  
    instruction[19]  instruction[18]  instruction[17]  instruction[14]  
    instruction[12]  instruction[11]  instruction[3]  instruction[2]  
    instruction[0]
  In module pc_reg: pc_out[31]  pc_out[1]  pc_out[0]
  In module pwm_peripheral: bresp[1]  bresp[0]  arready  rdata[31]  rdata[30]  
    rdata[29]  rdata[28]  rdata[27]  rdata[26]  rdata[25]  rdata[24]  
    rdata[23]  rdata[22]  rdata[21]  rdata[20]  rdata[19]  rdata[18]  
    rdata[17]  rdata[16]  rdata[15]  rdata[14]  rdata[13]  rdata[12]  
    rdata[11]  rdata[10]  rdata[9]  rdata[8]  rdata[7]  rdata[6]  rdata[5]  
    rdata[4]  rdata[3]  rdata[2]  rdata[1]  rdata[0]  rresp[1]  rresp[0]  
    rvalid
  In module reg_file: read_data1[23]  read_data1[10]  read_data1[1]
  In module timer_peripheral: bresp[1]  bresp[0]  arready  rdata[31]  rdata[30]  
    rdata[29]  rdata[28]  rdata[27]  rdata[26]  rdata[25]  rdata[24]  
    rdata[23]  rdata[22]  rdata[21]  rdata[20]  rdata[19]  rdata[18]  
    rdata[17]  rdata[16]  rdata[15]  rdata[14]  rdata[13]  rdata[12]  
    rdata[11]  rdata[10]  rdata[9]  rdata[8]  rdata[7]  rdata[6]  rdata[5]  
    rdata[4]  rdata[3]  rdata[2]  rdata[1]  rdata[0]  rresp[1]  rresp[0]  
    rvalid
// Command: report feedback loops
// Error: Unknown command report feedback loops.
// Command: report latches
// Error: Unknown command report latches.
// Command: / Warning: Golden has 194 unmapped key points
// Error: Unknown command / Warning: Golden has 194 unmapped key points.
// Command: ================================================================================
// Error: Unknown command ================================================================================.
// Command: Mapped points: SYSTEM class
// Error: Unknown command Mapped points: SYSTEM class.
// Command: --------------------------------------------------------------------------------
// Error: Unknown command --------------------------------------------------------------------------------.
// Command: Mapped points     PI     PO     DFF       Total
// Error: Unknown command Mapped points PI PO DFF Total.
// Command: --------------------------------------------------------------------------------
// Error: Unknown command --------------------------------------------------------------------------------.
// Command: Golden            2      2      287       291
// Error: Unknown command Golden 2 2 287 291.
// Command: --------------------------------------------------------------------------------
// Error: Unknown command --------------------------------------------------------------------------------.
// Command: Revised           2      2      287       291
// Error: Unknown command Revised 2 2 287 291.
// Command: ================================================================================
// Error: Unknown command ================================================================================.
// Command: Unmapped points:
// Error: Unknown command Unmapped points:.
// Command: ================================================================================
// Error: Unknown command ================================================================================.
// Command: Golden:
// Error: Unknown command Golden:.
// Command: --------------------------------------------------------------------------------
// Error: Unknown command --------------------------------------------------------------------------------.
// Command: Unmapped points   DFF    DLAT   BBOX   CUT       Total
// Error: Unknown command Unmapped points DFF DLAT BBOX CUT Total.
// Command: --------------------------------------------------------------------------------
// Error: Unknown command --------------------------------------------------------------------------------.
// Command: Unreachable       237    736    2      32        1007
// Error: Unknown command Unreachable 237 736 2 32 1007.
// Command: Not-mapped        65     128    0      1         194
// Error: Unknown command Not-mapped 65 128 0 1 194.
// Command: ================================================================================
// Error: Unknown command ================================================================================.
// Command: Revised:
// Error: Unknown command Revised:.
// Command: --------------------------------------------------------------------------------
// Error: Unknown command --------------------------------------------------------------------------------.
// Command: Unmapped points   BBOX      Total
// Error: Unknown command Unmapped points BBOX Total.
// Command: --------------------------------------------------------------------------------
// Error: Unknown command --------------------------------------------------------------------------------.
// Command: Unreachable       2         2
// Error: Unknown command Unreachable 2 2.
// Command: ================================================================================
// Error: Unknown command ================================================================================.
